article_id,title,source,publish_time,url,data_quality,decision,relevance_score,priority_score,importance_score,confidence,category,relation_level,relation_paths,heat_score,heat_tier,heat_basis,heat_confidence,article_metrics,core_summary,reason,matched_terms,excluded_terms,action_items,analysis_mode
354,靠AI日赚2000万，41岁程序员打造一人公司，奥特曼急着见他,创业邦,2026-07-16T09:34:27.976388,https://www.cyzone.cn/article/829946.html,title_only,relevant,100,73,73,medium,case_study,core,"[{""id"": ""ai_automation"", ""label"": ""AI与自动化"", ""relation_level"": ""enabling"", ""opc_impact"": ""降低个人公司的技术、人力与内容生产成本，并扩展单人可完成的业务范围"", ""score"": 20.4, ""matched_terms"": [""AI""]}]",9,unknown,estimated,low,{},标题信息：靠AI日赚2000万，41岁程序员打造一人公司，奥特曼急着见他,直接命中 OPC 主题词：一人公司；OPC 关联路径：AI与自动化：降低个人公司的技术、人力与内容生产成本，并扩展单人可完成的业务范围（命中 AI）；存在公司/创业/监管语境；原始记录只有标题，不能核实正文细节,"[""AI"", ""一人公司"", ""公司""]",[],"[""访问原文补全正文后，再核实关联性与实际影响""]",rules
55,AI进化速递丨阿里千问将作为AI能力集成至Apple智能OpenAI计划推出家用智能音箱，作为其首款硬件产品。昨天 20:40,第一财经,2026-07-16T09:27:50.810678,https://www.yicai.com/news/103276755.html,title_only,relevant,85,69,69,medium,news,enabling,"[{""id"": ""ai_automation"", ""label"": ""AI与自动化"", ""relation_level"": ""enabling"", ""opc_impact"": ""降低个人公司的技术、人力与内容生产成本，并扩展单人可完成的业务范围"", ""score"": 34.4, ""matched_terms"": [""AI"", ""OpenAI""]}]",32,low,estimated,low,{},标题信息：AI进化速递丨阿里千问将作为AI能力集成至Apple智能OpenAI计划推出家用智能音箱，作为其首款硬件产品。昨天 20:40,OPC 关联路径：AI与自动化：降低个人公司的技术、人力与内容生产成本，并扩展单人可完成的业务范围（命中 AI、OpenAI）；原始记录只有标题，不能核实正文细节,"[""AI"", ""OpenAI""]",[],"[""访问原文补全正文后，再核实关联性与实际影响""]",rules
411,从Agent进化到个人成长：错误如何变成系统能力AIGC从0到11小时前,虎嗅,2026-07-16T09:36:46.321666,https://www.huxiu.com/article/4875629.html,title_only,relevant,80,65,65,medium,news,enabling,"[{""id"": ""ai_automation"", ""label"": ""AI与自动化"", ""relation_level"": ""enabling"", ""opc_impact"": ""降低个人公司的技术、人力与内容生产成本，并扩展单人可完成的业务范围"", ""score"": 22.4, ""matched_terms"": [""AI"", ""AIGC""]}]",30,low,estimated,low,{},标题信息：从Agent进化到个人成长：错误如何变成系统能力AIGC从0到11小时前,OPC 关联路径：AI与自动化：降低个人公司的技术、人力与内容生产成本，并扩展单人可完成的业务范围（命中 AI、AIGC）；原始记录只有标题，不能核实正文细节,"[""AI"", ""AIGC""]",[],"[""访问原文补全正文后，再核实关联性与实际影响""]",rules
58,依法严惩AI仿声诈骗，筑牢金融安全防线AI仿声正突破传统诈骗识别边界，严重威胁金融秩序安全与投资者权益。昨天 20:25,第一财经,2026-07-16T09:27:50.811846,https://www.yicai.com/news/103276713.html,title_only,relevant,76,63,63,medium,news,enabling,"[{""id"": ""ai_automation"", ""label"": ""AI与自动化"", ""relation_level"": ""enabling"", ""opc_impact"": ""降低个人公司的技术、人力与内容生产成本，并扩展单人可完成的业务范围"", ""score"": 20.4, ""matched_terms"": [""AI""]}]",32,low,estimated,low,{},标题信息：依法严惩AI仿声诈骗，筑牢金融安全防线AI仿声正突破传统诈骗识别边界，严重威胁金融秩序安全与投资者权益。昨天 20:25,OPC 关联路径：AI与自动化：降低个人公司的技术、人力与内容生产成本，并扩展单人可完成的业务范围（命中 AI）；原始记录只有标题，不能核实正文细节,"[""AI""]",[],"[""访问原文补全正文后，再核实关联性与实际影响""]",rules
511,AI出海新三样：UA融资、互动留客、自建闭环,投资界,2026-07-16T09:36:58.671684,https://news.pedaily.cn/202607/566383.shtml,title_only,relevant,85,63,63,medium,news,enabling,"[{""id"": ""ai_automation"", ""label"": ""AI与自动化"", ""relation_level"": ""enabling"", ""opc_impact"": ""降低个人公司的技术、人力与内容生产成本，并扩展单人可完成的业务范围"", ""score"": 20.4, ""matched_terms"": [""AI""]}, {""id"": ""growth_channels"", ""label"": ""获客与增长渠道"", ""relation_level"": ""operational"", ""opc_impact"": ""影响一人公司的低成本获客、销售渠道与市场扩张能力"", ""score"": 10.0, ""matched_terms"": [""出海""]}, {""id"": ""finance_capital"", ""label"": ""融资与经营资金"", ""relation_level"": ""contextual"", ""opc_impact"": ""影响个人创业者获得启动资金、信贷和现金流支持的条件"", ""score"": 6.0, ""matched_terms"": [""融资""]}]",11,unknown,estimated,low,{},标题信息：AI出海新三样：UA融资、互动留客、自建闭环,OPC 关联路径：AI与自动化：降低个人公司的技术、人力与内容生产成本，并扩展单人可完成的业务范围（命中 AI）；获客与增长渠道：影响一人公司的低成本获客、销售渠道与市场扩张能力（命中 出海）；融资与经营资金：影响个人创业者获得启动资金、信贷和现金流支持的条件（命中 融资）；原始记录只有标题，不能核实正文细节,"[""AI"", ""出海"", ""融资""]",[],"[""访问原文补全正文后，再核实关联性与实际影响""]",rules
308,07-15 08:13黄一灵优刻得：坚守“中立”定位 持续建设AI时代的Token工厂优刻得：坚守“中立”定位 持续建设AI时代的Token工厂在AI（人工智能）大模型重塑千行百业的当下，算力正成为数字经济时代最核心的生产力。作为第三方中立云计算服务商，优刻得正以乌兰察布智算中心为战略支点，将草原的绿电转化为源源不断的AI算力。,中国证券报,2026-07-16T09:34:19.597845,https://www.cs.com.cn/ssgs/01/2026/07/15/detail_2026071510024465.html,title_only,relevant,85,63,63,medium,news,enabling,"[{""id"": ""ai_automation"", ""label"": ""AI与自动化"", ""relation_level"": ""enabling"", ""opc_impact"": ""降低个人公司的技术、人力与内容生产成本，并扩展单人可完成的业务范围"", ""score"": 58.2, ""matched_terms"": [""AI"", ""人工智能"", ""大模型""]}]",11,unknown,estimated,low,{},标题信息：07-15 08:13黄一灵优刻得：坚守“中立”定位 持续建设AI时代的Token工厂优刻得：坚守“中立”定位 持续建设AI时代的Token工厂在AI（人工智能）大模型重塑千行百业的当下，算力正成为数字经济时代最核心的生产力。作为第三方中立云计算服务商，优刻得正以乌兰察布智算中心为战略支点，将草原的绿电转化为源源不断的AI算力。,OPC 关联路径：AI与自动化：降低个人公司的技术、人力与内容生产成本，并扩展单人可完成的业务范围（命中 AI、人工智能、大模型）；原始记录只有标题，不能核实正文细节,"[""AI"", ""人工智能"", ""大模型""]",[],"[""访问原文补全正文后，再核实关联性与实际影响""]",rules
443,苹果AI用起来怎么样？我们用美版iPhone提前试了试Siri AI 迎来了“史诗级进步”爱范儿13小时前,虎嗅,2026-07-16T09:36:46.356832,https://www.huxiu.com/article/4875561.html,title_only,relevant,76,62,62,medium,news,enabling,"[{""id"": ""ai_automation"", ""label"": ""AI与自动化"", ""relation_level"": ""enabling"", ""opc_impact"": ""降低个人公司的技术、人力与内容生产成本，并扩展单人可完成的业务范围"", ""score"": 20.4, ""matched_terms"": [""AI""]}]",30,low,estimated,low,{},标题信息：苹果AI用起来怎么样？我们用美版iPhone提前试了试Siri AI 迎来了“史诗级进步”爱范儿13小时前,OPC 关联路径：AI与自动化：降低个人公司的技术、人力与内容生产成本，并扩展单人可完成的业务范围（命中 AI）；原始记录只有标题，不能核实正文细节,"[""AI""]",[],"[""访问原文补全正文后，再核实关联性与实际影响""]",rules
412,AI和电车又买爆一种元器件，华尔街和华强北都在抢环球零碳14小时前,虎嗅,2026-07-16T09:36:46.321666,https://www.huxiu.com/article/4875547.html,title_only,relevant,76,62,62,medium,news,enabling,"[{""id"": ""ai_automation"", ""label"": ""AI与自动化"", ""relation_level"": ""enabling"", ""opc_impact"": ""降低个人公司的技术、人力与内容生产成本，并扩展单人可完成的业务范围"", ""score"": 20.4, ""matched_terms"": [""AI""]}]",30,low,estimated,low,{},标题信息：AI和电车又买爆一种元器件，华尔街和华强北都在抢环球零碳14小时前,OPC 关联路径：AI与自动化：降低个人公司的技术、人力与内容生产成本，并扩展单人可完成的业务范围（命中 AI）；原始记录只有标题，不能核实正文细节,"[""AI""]",[],"[""访问原文补全正文后，再核实关联性与实际影响""]",rules
410,当AI袭来，桑德伯格告诫“不要用旧地图为自己写人生的长期剧本”纪中展讲决策©1小时前,虎嗅,2026-07-16T09:36:46.320663,https://www.huxiu.com/article/4875643.html,title_only,relevant,76,62,62,medium,news,enabling,"[{""id"": ""ai_automation"", ""label"": ""AI与自动化"", ""relation_level"": ""enabling"", ""opc_impact"": ""降低个人公司的技术、人力与内容生产成本，并扩展单人可完成的业务范围"", ""score"": 20.4, ""matched_terms"": [""AI""]}]",30,low,estimated,low,{},标题信息：当AI袭来，桑德伯格告诫“不要用旧地图为自己写人生的长期剧本”纪中展讲决策©1小时前,OPC 关联路径：AI与自动化：降低个人公司的技术、人力与内容生产成本，并扩展单人可完成的业务范围（命中 AI）；原始记录只有标题，不能核实正文细节,"[""AI""]",[],"[""访问原文补全正文后，再核实关联性与实际影响""]",rules
100,北京市新增2款已完成备案的生成式人工智能服务,证券时报,2026-07-16T09:27:54.362884,https://www.stcn.com/article/detail/4022257.html,title_only,relevant,83,62,62,medium,news,enabling,"[{""id"": ""ai_automation"", ""label"": ""AI与自动化"", ""relation_level"": ""enabling"", ""opc_impact"": ""降低个人公司的技术、人力与内容生产成本，并扩展单人可完成的业务范围"", ""score"": 23.8, ""matched_terms"": [""人工智能""]}]",12,unknown,estimated,low,{},标题信息：北京市新增2款已完成备案的生成式人工智能服务,OPC 关联路径：AI与自动化：降低个人公司的技术、人力与内容生产成本，并扩展单人可完成的业务范围（命中 人工智能）；原始记录只有标题，不能核实正文细节,"[""人工智能""]",[],"[""访问原文补全正文后，再核实关联性与实际影响""]",rules
473,AI早报 | OpenAI正在开发化身AI伴侣的智能音箱，作为其首款硬件产品；OpenAI回应苹果商业秘密诉讼：诉讼没有事实依据,界面新闻,2026-07-16T09:36:48.349847,https://www.jiemian.com/article/14771177.html,title_only,relevant,85,62,62,medium,news,enabling,"[{""id"": ""ai_automation"", ""label"": ""AI与自动化"", ""relation_level"": ""enabling"", ""opc_impact"": ""降低个人公司的技术、人力与内容生产成本，并扩展单人可完成的业务范围"", ""score"": 34.4, ""matched_terms"": [""AI"", ""OpenAI""]}]",10,unknown,estimated,low,{},标题信息：AI早报 | OpenAI正在开发化身AI伴侣的智能音箱，作为其首款硬件产品；OpenAI回应苹果商业秘密诉讼：诉讼没有事实依据,OPC 关联路径：AI与自动化：降低个人公司的技术、人力与内容生产成本，并扩展单人可完成的业务范围（命中 AI、OpenAI）；原始记录只有标题，不能核实正文细节,"[""AI"", ""OpenAI""]",[],"[""访问原文补全正文后，再核实关联性与实际影响""]",rules
456,WAIC开幕前夕，上海人工智能产业热议自主创新与AI治理,界面新闻,2026-07-16T09:36:48.326982,https://www.jiemian.com/article/14769694.html,title_only,relevant,85,62,62,medium,news,enabling,"[{""id"": ""ai_automation"", ""label"": ""AI与自动化"", ""relation_level"": ""enabling"", ""opc_impact"": ""降低个人公司的技术、人力与内容生产成本，并扩展单人可完成的业务范围"", ""score"": 44.2, ""matched_terms"": [""AI"", ""人工智能""]}]",10,unknown,estimated,low,{},标题信息：WAIC开幕前夕，上海人工智能产业热议自主创新与AI治理,OPC 关联路径：AI与自动化：降低个人公司的技术、人力与内容生产成本，并扩展单人可完成的业务范围（命中 AI、人工智能）；原始记录只有标题，不能核实正文细节,"[""AI"", ""人工智能""]",[],"[""访问原文补全正文后，再核实关联性与实际影响""]",rules
138,智“链”万物！第四届链博会全景呈现中国AI产业崛起 外企：汽车、机器人等正成为智能体AI落地发展的关键载体,每经网,2026-07-16T09:27:57.695872,https://www.nbd.com.cn/articles/2026-06-26/4439131.html,title_only,relevant,85,62,62,medium,news,enabling,"[{""id"": ""ai_automation"", ""label"": ""AI与自动化"", ""relation_level"": ""enabling"", ""opc_impact"": ""降低个人公司的技术、人力与内容生产成本，并扩展单人可完成的业务范围"", ""score"": 36.4, ""matched_terms"": [""AI"", ""智能体""]}]",10,unknown,estimated,low,{},标题信息：智“链”万物！第四届链博会全景呈现中国AI产业崛起 外企：汽车、机器人等正成为智能体AI落地发展的关键载体,OPC 关联路径：AI与自动化：降低个人公司的技术、人力与内容生产成本，并扩展单人可完成的业务范围（命中 AI、智能体）；原始记录只有标题，不能核实正文细节,"[""AI"", ""智能体""]",[],"[""访问原文补全正文后，再核实关联性与实际影响""]",rules
539,OpenAI 决定靠卖广告养 AI,投资界,2026-07-16T09:36:58.694561,https://news.pedaily.cn/202607/566348.shtml,title_only,relevant,85,62,62,medium,news,enabling,"[{""id"": ""ai_automation"", ""label"": ""AI与自动化"", ""relation_level"": ""enabling"", ""opc_impact"": ""降低个人公司的技术、人力与内容生产成本，并扩展单人可完成的业务范围"", ""score"": 34.4, ""matched_terms"": [""AI"", ""OpenAI""]}]",9,unknown,estimated,low,{},标题信息：OpenAI 决定靠卖广告养 AI,OPC 关联路径：AI与自动化：降低个人公司的技术、人力与内容生产成本，并扩展单人可完成的业务范围（命中 AI、OpenAI）；原始记录只有标题，不能核实正文细节,"[""AI"", ""OpenAI""]",[],"[""访问原文补全正文后，再核实关联性与实际影响""]",rules
527,二代豆包手机和苹果AI手机都来了，7款大模型获备案,投资界,2026-07-16T09:36:58.678335,https://news.pedaily.cn/202607/566362.shtml,title_only,relevant,85,62,62,medium,news,enabling,"[{""id"": ""ai_automation"", ""label"": ""AI与自动化"", ""relation_level"": ""enabling"", ""opc_impact"": ""降低个人公司的技术、人力与内容生产成本，并扩展单人可完成的业务范围"", ""score"": 34.4, ""matched_terms"": [""AI"", ""大模型""]}]",9,unknown,estimated,low,{},标题信息：二代豆包手机和苹果AI手机都来了，7款大模型获备案,OPC 关联路径：AI与自动化：降低个人公司的技术、人力与内容生产成本，并扩展单人可完成的业务范围（命中 AI、大模型）；原始记录只有标题，不能核实正文细节,"[""AI"", ""大模型""]",[],"[""访问原文补全正文后，再核实关联性与实际影响""]",rules
522,从OpenAI「叛逃」的5个人，撑起了一家千亿AI公司,投资界,2026-07-16T09:36:58.676826,https://news.pedaily.cn/202607/566371.shtml,title_only,relevant,85,62,62,medium,news,enabling,"[{""id"": ""ai_automation"", ""label"": ""AI与自动化"", ""relation_level"": ""enabling"", ""opc_impact"": ""降低个人公司的技术、人力与内容生产成本，并扩展单人可完成的业务范围"", ""score"": 34.4, ""matched_terms"": [""AI"", ""OpenAI""]}]",9,unknown,estimated,low,{},标题信息：从OpenAI「叛逃」的5个人，撑起了一家千亿AI公司,OPC 关联路径：AI与自动化：降低个人公司的技术、人力与内容生产成本，并扩展单人可完成的业务范围（命中 AI、OpenAI）；原始记录只有标题，不能核实正文细节,"[""AI"", ""OpenAI""]",[],"[""访问原文补全正文后，再核实关联性与实际影响""]",rules
518,AI制药正在复刻大模型领域的竞争格局,投资界,2026-07-16T09:36:58.674712,https://news.pedaily.cn/202607/566374.shtml,title_only,relevant,85,62,62,medium,news,enabling,"[{""id"": ""ai_automation"", ""label"": ""AI与自动化"", ""relation_level"": ""enabling"", ""opc_impact"": ""降低个人公司的技术、人力与内容生产成本，并扩展单人可完成的业务范围"", ""score"": 34.4, ""matched_terms"": [""AI"", ""大模型""]}]",9,unknown,estimated,low,{},标题信息：AI制药正在复刻大模型领域的竞争格局,OPC 关联路径：AI与自动化：降低个人公司的技术、人力与内容生产成本，并扩展单人可完成的业务范围（命中 AI、大模型）；原始记录只有标题，不能核实正文细节,"[""AI"", ""大模型""]",[],"[""访问原文补全正文后，再核实关联性与实际影响""]",rules
326,失控的AI智能体，正在抛弃GPU？,创业邦,2026-07-16T09:34:27.955690,https://www.cyzone.cn/article/839591.html,title_only,relevant,85,62,62,medium,news,enabling,"[{""id"": ""ai_automation"", ""label"": ""AI与自动化"", ""relation_level"": ""enabling"", ""opc_impact"": ""降低个人公司的技术、人力与内容生产成本，并扩展单人可完成的业务范围"", ""score"": 36.4, ""matched_terms"": [""AI"", ""智能体""]}]",9,unknown,estimated,low,{},标题信息：失控的AI智能体，正在抛弃GPU？,OPC 关联路径：AI与自动化：降低个人公司的技术、人力与内容生产成本，并扩展单人可完成的业务范围（命中 AI、智能体）；原始记录只有标题，不能核实正文细节,"[""AI"", ""智能体""]",[],"[""访问原文补全正文后，再核实关联性与实际影响""]",rules
651,《2026年度“人工智能+”榜单》启动征集，寻找AI时代的领军人物、超级产品、标杆企业和投资机构,i黑马,2026-07-16T09:37:05.771722,https://www.iheima.com/article-399618.html,title_only,relevant,85,62,62,medium,news,enabling,"[{""id"": ""ai_automation"", ""label"": ""AI与自动化"", ""relation_level"": ""enabling"", ""opc_impact"": ""降低个人公司的技术、人力与内容生产成本，并扩展单人可完成的业务范围"", ""score"": 44.2, ""matched_terms"": [""AI"", ""人工智能""]}]",8,unknown,estimated,low,{},标题信息：《2026年度“人工智能+”榜单》启动征集，寻找AI时代的领军人物、超级产品、标杆企业和投资机构,OPC 关联路径：AI与自动化：降低个人公司的技术、人力与内容生产成本，并扩展单人可完成的业务范围（命中 AI、人工智能）；原始记录只有标题，不能核实正文细节,"[""AI"", ""人工智能""]",[],"[""访问原文补全正文后，再核实关联性与实际影响""]",rules
648,百度为苹果智能提供AI搜索功能,i黑马,2026-07-16T09:37:05.770724,https://www.iheima.com/article-399621.html,title_only,relevant,85,62,62,medium,news,enabling,"[{""id"": ""ai_automation"", ""label"": ""AI与自动化"", ""relation_level"": ""enabling"", ""opc_impact"": ""降低个人公司的技术、人力与内容生产成本，并扩展单人可完成的业务范围"", ""score"": 32.4, ""matched_terms"": [""AI"", ""AI搜索""]}]",8,unknown,estimated,low,{},标题信息：百度为苹果智能提供AI搜索功能,OPC 关联路径：AI与自动化：降低个人公司的技术、人力与内容生产成本，并扩展单人可完成的业务范围（命中 AI、AI搜索）；原始记录只有标题，不能核实正文细节,"[""AI"", ""AI搜索""]",[],"[""访问原文补全正文后，再核实关联性与实际影响""]",rules
647,WAIC世界人工智能大会倒计时1天,i黑马,2026-07-16T09:37:05.769715,https://www.iheima.com/article-399622.html,title_only,relevant,85,62,62,medium,news,enabling,"[{""id"": ""ai_automation"", ""label"": ""AI与自动化"", ""relation_level"": ""enabling"", ""opc_impact"": ""降低个人公司的技术、人力与内容生产成本，并扩展单人可完成的业务范围"", ""score"": 32.2, ""matched_terms"": [""AI"", ""人工智能""]}]",8,unknown,estimated,low,{},标题信息：WAIC世界人工智能大会倒计时1天,OPC 关联路径：AI与自动化：降低个人公司的技术、人力与内容生产成本，并扩展单人可完成的业务范围（命中 AI、人工智能）；原始记录只有标题，不能核实正文细节,"[""AI"", ""人工智能""]",[],"[""访问原文补全正文后，再核实关联性与实际影响""]",rules
450,短剧演员大撤退：日薪踝斩、百人解约，有人转型AI导演娱乐资本论2天前,虎嗅,2026-07-16T09:36:46.359839,https://www.huxiu.com/article/4874972.html,title_only,relevant,76,61,61,medium,news,enabling,"[{""id"": ""ai_automation"", ""label"": ""AI与自动化"", ""relation_level"": ""enabling"", ""opc_impact"": ""降低个人公司的技术、人力与内容生产成本，并扩展单人可完成的业务范围"", ""score"": 20.4, ""matched_terms"": [""AI""]}]",26,low,estimated,low,{},标题信息：短剧演员大撤退：日薪踝斩、百人解约，有人转型AI导演娱乐资本论2天前,OPC 关联路径：AI与自动化：降低个人公司的技术、人力与内容生产成本，并扩展单人可完成的业务范围（命中 AI）；原始记录只有标题，不能核实正文细节,"[""AI""]",[],"[""访问原文补全正文后，再核实关联性与实际影响""]",rules
501,经纬度：在上海，WAIC见证人工智能改变未来,澎湃新闻,2026-07-16T09:36:50.787969,https://www.thepaper.cn/newsDetail_forward_33583299,title_only,relevant,85,61,61,medium,news,enabling,"[{""id"": ""ai_automation"", ""label"": ""AI与自动化"", ""relation_level"": ""enabling"", ""opc_impact"": ""降低个人公司的技术、人力与内容生产成本，并扩展单人可完成的业务范围"", ""score"": 32.2, ""matched_terms"": [""AI"", ""人工智能""]}]",5,unknown,estimated,low,{},标题信息：经纬度：在上海，WAIC见证人工智能改变未来,OPC 关联路径：AI与自动化：降低个人公司的技术、人力与内容生产成本，并扩展单人可完成的业务范围（命中 AI、人工智能）；原始记录只有标题，不能核实正文细节,"[""AI"", ""人工智能""]",[],"[""访问原文补全正文后，再核实关联性与实际影响""]",rules
653,AI拟人化新规正式落地,i黑马,2026-07-16T09:37:05.771722,https://www.iheima.com/article-399616.html,title_only,relevant,81,60,60,medium,news,enabling,"[{""id"": ""ai_automation"", ""label"": ""AI与自动化"", ""relation_level"": ""enabling"", ""opc_impact"": ""降低个人公司的技术、人力与内容生产成本，并扩展单人可完成的业务范围"", ""score"": 20.4, ""matched_terms"": [""AI""]}, {""id"": ""policy_compliance"", ""label"": ""注册、税务与合规"", ""relation_level"": ""operational"", ""opc_impact"": ""影响一人公司的注册门槛、税务成本、用工方式和合规风险"", ""score"": 10.0, ""matched_terms"": [""新规""]}]",12,unknown,estimated,low,{},标题信息：AI拟人化新规正式落地,OPC 关联路径：AI与自动化：降低个人公司的技术、人力与内容生产成本，并扩展单人可完成的业务范围（命中 AI）；注册、税务与合规：影响一人公司的注册门槛、税务成本、用工方式和合规风险（命中 新规）；原始记录只有标题，不能核实正文细节,"[""AI"", ""新规""]",[],"[""访问原文补全正文后，再核实关联性与实际影响""]",rules
397,DeepSeek传筹备IPO，中国AI头部公司融资狂飙,36氪,2026-07-16T09:34:31.823271,https://36kr.com/p/3896190110319751,title_only,relevant,81,60,60,medium,news,enabling,"[{""id"": ""ai_automation"", ""label"": ""AI与自动化"", ""relation_level"": ""enabling"", ""opc_impact"": ""降低个人公司的技术、人力与内容生产成本，并扩展单人可完成的业务范围"", ""score"": 20.4, ""matched_terms"": [""AI""]}, {""id"": ""finance_capital"", ""label"": ""融资与经营资金"", ""relation_level"": ""contextual"", ""opc_impact"": ""影响个人创业者获得启动资金、信贷和现金流支持的条件"", ""score"": 6.0, ""matched_terms"": [""融资""]}]",12,unknown,estimated,low,{},标题信息：DeepSeek传筹备IPO，中国AI头部公司融资狂飙,OPC 关联路径：AI与自动化：降低个人公司的技术、人力与内容生产成本，并扩展单人可完成的业务范围（命中 AI）；融资与经营资金：影响个人创业者获得启动资金、信贷和现金流支持的条件（命中 融资）；原始记录只有标题，不能核实正文细节,"[""AI"", ""融资""]",[],"[""访问原文补全正文后，再核实关联性与实际影响""]",rules
515,首发| 一笔天使轮融资：AI重构广告业,投资界,2026-07-16T09:36:58.673721,https://news.pedaily.cn/202607/566380.shtml,title_only,relevant,81,60,60,medium,news,enabling,"[{""id"": ""ai_automation"", ""label"": ""AI与自动化"", ""relation_level"": ""enabling"", ""opc_impact"": ""降低个人公司的技术、人力与内容生产成本，并扩展单人可完成的业务范围"", ""score"": 20.4, ""matched_terms"": [""AI""]}, {""id"": ""finance_capital"", ""label"": ""融资与经营资金"", ""relation_level"": ""contextual"", ""opc_impact"": ""影响个人创业者获得启动资金、信贷和现金流支持的条件"", ""score"": 6.0, ""matched_terms"": [""融资""]}]",11,unknown,estimated,low,{},标题信息：首发| 一笔天使轮融资：AI重构广告业,OPC 关联路径：AI与自动化：降低个人公司的技术、人力与内容生产成本，并扩展单人可完成的业务范围（命中 AI）；融资与经营资金：影响个人创业者获得启动资金、信贷和现金流支持的条件（命中 融资）；原始记录只有标题，不能核实正文细节,"[""AI"", ""融资""]",[],"[""访问原文补全正文后，再核实关联性与实际影响""]",rules
154,中关村路演直击：当舞蹈研究生、中学生涌入AI赛道，代码不再是入场券，读懂真实需求才是创业分水岭,每经网,2026-07-16T09:28:01.078887,https://www.nbd.com.cn/articles/2026-07-12/4468445.html,title_only,relevant,81,60,60,medium,news,enabling,"[{""id"": ""ai_automation"", ""label"": ""AI与自动化"", ""relation_level"": ""enabling"", ""opc_impact"": ""降低个人公司的技术、人力与内容生产成本，并扩展单人可完成的业务范围"", ""score"": 20.4, ""matched_terms"": [""AI""]}, {""id"": ""solo_business"", ""label"": ""创业与个体经营"", ""relation_level"": ""operational"", ""opc_impact"": ""影响一人公司的创办方式、经营主体选择和个人职业路径"", ""score"": 12.0, ""matched_terms"": [""创业""]}]",10,unknown,estimated,low,{},标题信息：中关村路演直击：当舞蹈研究生、中学生涌入AI赛道，代码不再是入场券，读懂真实需求才是创业分水岭,OPC 关联路径：AI与自动化：降低个人公司的技术、人力与内容生产成本，并扩展单人可完成的业务范围（命中 AI）；创业与个体经营：影响一人公司的创办方式、经营主体选择和个人职业路径（命中 创业）；原始记录只有标题，不能核实正文细节,"[""AI"", ""创业""]",[],"[""访问原文补全正文后，再核实关联性与实际影响""]",rules
519,OpenAI靠挖墙角偷走了苹果一堆机密,投资界,2026-07-16T09:36:58.674712,https://news.pedaily.cn/202607/566373.shtml,title_only,relevant,80,59,59,medium,news,enabling,"[{""id"": ""ai_automation"", ""label"": ""AI与自动化"", ""relation_level"": ""enabling"", ""opc_impact"": ""降低个人公司的技术、人力与内容生产成本，并扩展单人可完成的业务范围"", ""score"": 22.4, ""matched_terms"": [""AI"", ""OpenAI""]}]",9,unknown,estimated,low,{},标题信息：OpenAI靠挖墙角偷走了苹果一堆机密,OPC 关联路径：AI与自动化：降低个人公司的技术、人力与内容生产成本，并扩展单人可完成的业务范围（命中 AI、OpenAI）；原始记录只有标题，不能核实正文细节,"[""AI"", ""OpenAI""]",[],"[""访问原文补全正文后，再核实关联性与实际影响""]",rules
657,苹果起诉OpenAI窃取机密？马斯克嘲讽阿尔特曼！,i黑马,2026-07-16T09:37:05.772719,https://www.iheima.com/article-399597.html,title_only,relevant,80,58,58,medium,news,enabling,"[{""id"": ""ai_automation"", ""label"": ""AI与自动化"", ""relation_level"": ""enabling"", ""opc_impact"": ""降低个人公司的技术、人力与内容生产成本，并扩展单人可完成的业务范围"", ""score"": 22.4, ""matched_terms"": [""AI"", ""OpenAI""]}]",8,unknown,estimated,low,{},标题信息：苹果起诉OpenAI窃取机密？马斯克嘲讽阿尔特曼！,OPC 关联路径：AI与自动化：降低个人公司的技术、人力与内容生产成本，并扩展单人可完成的业务范围（命中 AI、OpenAI）；原始记录只有标题，不能核实正文细节,"[""AI"", ""OpenAI""]",[],"[""访问原文补全正文后，再核实关联性与实际影响""]",rules
646,OpenAI回应苹果商业秘密诉讼：诉讼没有事实依据,i黑马,2026-07-16T09:37:05.769715,https://www.iheima.com/article-399623.html,title_only,relevant,80,58,58,medium,news,enabling,"[{""id"": ""ai_automation"", ""label"": ""AI与自动化"", ""relation_level"": ""enabling"", ""opc_impact"": ""降低个人公司的技术、人力与内容生产成本，并扩展单人可完成的业务范围"", ""score"": 22.4, ""matched_terms"": [""AI"", ""OpenAI""]}]",8,unknown,estimated,low,{},标题信息：OpenAI回应苹果商业秘密诉讼：诉讼没有事实依据,OPC 关联路径：AI与自动化：降低个人公司的技术、人力与内容生产成本，并扩展单人可完成的业务范围（命中 AI、OpenAI）；原始记录只有标题，不能核实正文细节,"[""AI"", ""OpenAI""]",[],"[""访问原文补全正文后，再核实关联性与实际影响""]",rules
404,刚刚，Codex 首款硬件正式发布，1500块的“AI 监工”外设AppSo,虎嗅,2026-07-16T09:36:46.318656,https://www.huxiu.com/article/4875636.html,title_only,relevant,76,57,57,medium,news,enabling,"[{""id"": ""ai_automation"", ""label"": ""AI与自动化"", ""relation_level"": ""enabling"", ""opc_impact"": ""降低个人公司的技术、人力与内容生产成本，并扩展单人可完成的业务范围"", ""score"": 20.4, ""matched_terms"": [""AI""]}]",14,unknown,estimated,low,{},标题信息：刚刚，Codex 首款硬件正式发布，1500块的“AI 监工”外设AppSo,OPC 关联路径：AI与自动化：降低个人公司的技术、人力与内容生产成本，并扩展单人可完成的业务范围（命中 AI）；原始记录只有标题，不能核实正文细节,"[""AI""]",[],"[""访问原文补全正文后，再核实关联性与实际影响""]",rules
608,浙江大学发布AI自主科研系统“求是引擎”,中国经济网,2026-07-16T09:37:03.783035,http://www.ce.cn/xwzx/gnsz/gdxw/202607/t20260716_3090133.shtml,title_only,relevant,76,57,57,medium,news,enabling,"[{""id"": ""ai_automation"", ""label"": ""AI与自动化"", ""relation_level"": ""enabling"", ""opc_impact"": ""降低个人公司的技术、人力与内容生产成本，并扩展单人可完成的业务范围"", ""score"": 20.4, ""matched_terms"": [""AI""]}]",13,unknown,estimated,low,{},标题信息：浙江大学发布AI自主科研系统“求是引擎”,OPC 关联路径：AI与自动化：降低个人公司的技术、人力与内容生产成本，并扩展单人可完成的业务范围（命中 AI）；原始记录只有标题，不能核实正文细节,"[""AI""]",[],"[""访问原文补全正文后，再核实关联性与实际影响""]",rules
99,盛视科技新设子公司 含多项AI相关业务,证券时报,2026-07-16T09:27:54.362884,https://www.stcn.com/article/detail/4022260.html,title_only,relevant,76,57,57,medium,news,enabling,"[{""id"": ""ai_automation"", ""label"": ""AI与自动化"", ""relation_level"": ""enabling"", ""opc_impact"": ""降低个人公司的技术、人力与内容生产成本，并扩展单人可完成的业务范围"", ""score"": 20.4, ""matched_terms"": [""AI""]}]",12,unknown,estimated,low,{},标题信息：盛视科技新设子公司 含多项AI相关业务,OPC 关联路径：AI与自动化：降低个人公司的技术、人力与内容生产成本，并扩展单人可完成的业务范围（命中 AI）；原始记录只有标题，不能核实正文细节,"[""AI""]",[],"[""访问原文补全正文后，再核实关联性与实际影响""]",rules
95,海天瑞声成立数智科技新公司 含AI业务,证券时报,2026-07-16T09:27:54.361368,https://www.stcn.com/article/detail/4022296.html,title_only,relevant,76,57,57,medium,news,enabling,"[{""id"": ""ai_automation"", ""label"": ""AI与自动化"", ""relation_level"": ""enabling"", ""opc_impact"": ""降低个人公司的技术、人力与内容生产成本，并扩展单人可完成的业务范围"", ""score"": 20.4, ""matched_terms"": [""AI""]}]",12,unknown,estimated,low,{},标题信息：海天瑞声成立数智科技新公司 含AI业务,OPC 关联路径：AI与自动化：降低个人公司的技术、人力与内容生产成本，并扩展单人可完成的业务范围（命中 AI）；原始记录只有标题，不能核实正文细节,"[""AI""]",[],"[""访问原文补全正文后，再核实关联性与实际影响""]",rules
86,利好来了！华为、苹果在列，手机AI“准生证”获批（附股）,证券时报,2026-07-16T09:27:54.357859,https://www.stcn.com/article/detail/4022079.html,title_only,relevant,76,57,57,medium,news,enabling,"[{""id"": ""ai_automation"", ""label"": ""AI与自动化"", ""relation_level"": ""enabling"", ""opc_impact"": ""降低个人公司的技术、人力与内容生产成本，并扩展单人可完成的业务范围"", ""score"": 20.4, ""matched_terms"": [""AI""]}]",12,unknown,estimated,low,{},标题信息：利好来了！华为、苹果在列，手机AI“准生证”获批（附股）,OPC 关联路径：AI与自动化：降低个人公司的技术、人力与内容生产成本，并扩展单人可完成的业务范围（命中 AI）；原始记录只有标题，不能核实正文细节,"[""AI""]",[],"[""访问原文补全正文后，再核实关联性与实际影响""]",rules
74,资本巨头，大动作！AI制药商业化落地提速，新赛道来了？,证券时报,2026-07-16T09:27:54.339535,https://www.stcn.com/article/detail/4022162.html,title_only,relevant,76,57,57,medium,news,enabling,"[{""id"": ""ai_automation"", ""label"": ""AI与自动化"", ""relation_level"": ""enabling"", ""opc_impact"": ""降低个人公司的技术、人力与内容生产成本，并扩展单人可完成的业务范围"", ""score"": 20.4, ""matched_terms"": [""AI""]}]",12,unknown,estimated,low,{},标题信息：资本巨头，大动作！AI制药商业化落地提速，新赛道来了？,OPC 关联路径：AI与自动化：降低个人公司的技术、人力与内容生产成本，并扩展单人可完成的业务范围（命中 AI）；原始记录只有标题，不能核实正文细节,"[""AI""]",[],"[""访问原文补全正文后，再核实关联性与实际影响""]",rules
66,国产AI软硬件协同破局 “自主可控”打造硬核底色,证券时报,2026-07-16T09:27:54.336497,https://www.stcn.com/article/detail/4021913.html,title_only,relevant,76,57,57,medium,case_study,enabling,"[{""id"": ""ai_automation"", ""label"": ""AI与自动化"", ""relation_level"": ""enabling"", ""opc_impact"": ""降低个人公司的技术、人力与内容生产成本，并扩展单人可完成的业务范围"", ""score"": 20.4, ""matched_terms"": [""AI""]}]",12,unknown,estimated,low,{},标题信息：国产AI软硬件协同破局 “自主可控”打造硬核底色,OPC 关联路径：AI与自动化：降低个人公司的技术、人力与内容生产成本，并扩展单人可完成的业务范围（命中 AI）；原始记录只有标题，不能核实正文细节,"[""AI""]",[],"[""访问原文补全正文后，再核实关联性与实际影响""]",rules
38,00'29''“追光”十年 他以超前判断拿下“全球AI光算力第一股”,第一财经,2026-07-16T09:27:50.501230,https://www.yicai.com/video/103185642.html,title_only,relevant,76,57,57,medium,news,enabling,"[{""id"": ""ai_automation"", ""label"": ""AI与自动化"", ""relation_level"": ""enabling"", ""opc_impact"": ""降低个人公司的技术、人力与内容生产成本，并扩展单人可完成的业务范围"", ""score"": 20.4, ""matched_terms"": [""AI""]}]",12,unknown,estimated,low,{},标题信息：00'29''“追光”十年 他以超前判断拿下“全球AI光算力第一股”,OPC 关联路径：AI与自动化：降低个人公司的技术、人力与内容生产成本，并扩展单人可完成的业务范围（命中 AI）；原始记录只有标题，不能核实正文细节,"[""AI""]",[],"[""访问原文补全正文后，再核实关联性与实际影响""]",rules
34,03'39''AI大潮中的横店：真人都去哪儿了？,第一财经,2026-07-16T09:27:50.499658,https://www.yicai.com/video/103233579.html,title_only,relevant,76,57,57,medium,news,enabling,"[{""id"": ""ai_automation"", ""label"": ""AI与自动化"", ""relation_level"": ""enabling"", ""opc_impact"": ""降低个人公司的技术、人力与内容生产成本，并扩展单人可完成的业务范围"", ""score"": 20.4, ""matched_terms"": [""AI""]}]",12,unknown,estimated,low,{},标题信息：03'39''AI大潮中的横店：真人都去哪儿了？,OPC 关联路径：AI与自动化：降低个人公司的技术、人力与内容生产成本，并扩展单人可完成的业务范围（命中 AI）；原始记录只有标题，不能核实正文细节,"[""AI""]",[],"[""访问原文补全正文后，再核实关联性与实际影响""]",rules
59,货币政策、信贷、离岸人民币…央行发布会回应十大热点！结构性货币政策工具后续是否会继续创新？全球通胀和主要经济体货币政策调整对中国会带来哪些影响？昨天 20:13,第一财经,2026-07-16T09:27:50.811846,https://www.yicai.com/news/103276618.html,title_only,relevant,66,56,61,medium,policy,contextual,"[{""id"": ""finance_capital"", ""label"": ""融资与经营资金"", ""relation_level"": ""contextual"", ""opc_impact"": ""影响个人创业者获得启动资金、信贷和现金流支持的条件"", ""score"": 12.8, ""matched_terms"": [""信贷"", ""货币政策""]}, {""id"": ""policy_compliance"", ""label"": ""注册、税务与合规"", ""relation_level"": ""operational"", ""opc_impact"": ""影响一人公司的注册门槛、税务成本、用工方式和合规风险"", ""score"": 10.2, ""matched_terms"": [""政策""]}]",34,low,estimated,low,{},标题信息：货币政策、信贷、离岸人民币…央行发布会回应十大热点！结构性货币政策工具后续是否会继续创新？全球通胀和主要经济体货币政策调整对中国会带来哪些影响？昨天 20:13,OPC 关联路径：融资与经营资金：影响个人创业者获得启动资金、信贷和现金流支持的条件（命中 信贷、货币政策）；注册、税务与合规：影响一人公司的注册门槛、税务成本、用工方式和合规风险（命中 政策）；原始记录只有标题，不能核实正文细节,"[""信贷"", ""政策"", ""货币政策""]",[],"[""访问原文补全正文后，再核实关联性与实际影响""]",rules
300,为什么说AI时代人最稀缺的是品味？丨霞光FM,21世纪经济报道,2026-07-16T09:34:17.224974,https://m.21jingji.com/article/20260715/herald/126e2b87e0bdecea30dc40afacaa6b99.html,title_only,relevant,76,56,56,medium,news,enabling,"[{""id"": ""ai_automation"", ""label"": ""AI与自动化"", ""relation_level"": ""enabling"", ""opc_impact"": ""降低个人公司的技术、人力与内容生产成本，并扩展单人可完成的业务范围"", ""score"": 20.4, ""matched_terms"": [""AI""]}]",11,unknown,estimated,low,{},标题信息：为什么说AI时代人最稀缺的是品味？丨霞光FM,OPC 关联路径：AI与自动化：降低个人公司的技术、人力与内容生产成本，并扩展单人可完成的业务范围（命中 AI）；原始记录只有标题，不能核实正文细节,"[""AI""]",[],"[""访问原文补全正文后，再核实关联性与实际影响""]",rules
295,21社论丨加强体系协同，筑牢中国AI系统性竞争优势,21世纪经济报道,2026-07-16T09:34:17.222899,https://m.21jingji.com/article/20260716/622a26e21cf181df13138366636be1e5.html,title_only,relevant,76,56,56,medium,news,enabling,"[{""id"": ""ai_automation"", ""label"": ""AI与自动化"", ""relation_level"": ""enabling"", ""opc_impact"": ""降低个人公司的技术、人力与内容生产成本，并扩展单人可完成的业务范围"", ""score"": 20.4, ""matched_terms"": [""AI""]}]",11,unknown,estimated,low,{},标题信息：21社论丨加强体系协同，筑牢中国AI系统性竞争优势,OPC 关联路径：AI与自动化：降低个人公司的技术、人力与内容生产成本，并扩展单人可完成的业务范围（命中 AI）；原始记录只有标题，不能核实正文细节,"[""AI""]",[],"[""访问原文补全正文后，再核实关联性与实际影响""]",rules
291,世行首席经济学家：AI可能成为发展中国家跨越增长瓶颈的新机遇,21世纪经济报道,2026-07-16T09:34:17.200553,https://m.21jingji.com/article/20260715/herald/33e094265ee3912410f5f020b99d37a6.html,title_only,relevant,76,56,56,medium,news,enabling,"[{""id"": ""ai_automation"", ""label"": ""AI与自动化"", ""relation_level"": ""enabling"", ""opc_impact"": ""降低个人公司的技术、人力与内容生产成本，并扩展单人可完成的业务范围"", ""score"": 20.4, ""matched_terms"": [""AI""]}]",11,unknown,estimated,low,{},标题信息：世行首席经济学家：AI可能成为发展中国家跨越增长瓶颈的新机遇,OPC 关联路径：AI与自动化：降低个人公司的技术、人力与内容生产成本，并扩展单人可完成的业务范围（命中 AI）；原始记录只有标题，不能核实正文细节,"[""AI""]",[],"[""访问原文补全正文后，再核实关联性与实际影响""]",rules
281,多家银行推出刷卡送Token，AI权益能否替信用卡“改命”？,21世纪经济报道,2026-07-16T09:34:17.196671,https://m.21jingji.com/article/20260715/herald/7a5be05750a27c580c88a47781d22ce5.html,title_only,relevant,76,56,56,medium,news,enabling,"[{""id"": ""ai_automation"", ""label"": ""AI与自动化"", ""relation_level"": ""enabling"", ""opc_impact"": ""降低个人公司的技术、人力与内容生产成本，并扩展单人可完成的业务范围"", ""score"": 20.4, ""matched_terms"": [""AI""]}]",11,unknown,estimated,low,{},标题信息：多家银行推出刷卡送Token，AI权益能否替信用卡“改命”？,OPC 关联路径：AI与自动化：降低个人公司的技术、人力与内容生产成本，并扩展单人可完成的业务范围（命中 AI）；原始记录只有标题，不能核实正文细节,"[""AI""]",[],"[""访问原文补全正文后，再核实关联性与实际影响""]",rules
274,7×24小时不间断作业 AI驱动实验室赋能产业升级,21世纪经济报道,2026-07-16T09:34:17.194372,https://m.21jingji.com/article/20260716/herald/8fa8eab8d050576de9395853012406cf.html,title_only,relevant,76,56,56,medium,news,enabling,"[{""id"": ""ai_automation"", ""label"": ""AI与自动化"", ""relation_level"": ""enabling"", ""opc_impact"": ""降低个人公司的技术、人力与内容生产成本，并扩展单人可完成的业务范围"", ""score"": 20.4, ""matched_terms"": [""AI""]}]",11,unknown,estimated,low,{},标题信息：7×24小时不间断作业 AI驱动实验室赋能产业升级,OPC 关联路径：AI与自动化：降低个人公司的技术、人力与内容生产成本，并扩展单人可完成的业务范围（命中 AI）；原始记录只有标题，不能核实正文细节,"[""AI""]",[],"[""访问原文补全正文后，再核实关联性与实际影响""]",rules
268,韩股坐上“过山车”！资金不再All in AI，布局这些方向,21世纪经济报道,2026-07-16T09:34:17.178090,https://m.21jingji.com/article/20260716/herald/7c15862b8da7726dc804617f7df6b6c6.html,title_only,relevant,76,56,56,medium,news,enabling,"[{""id"": ""ai_automation"", ""label"": ""AI与自动化"", ""relation_level"": ""enabling"", ""opc_impact"": ""降低个人公司的技术、人力与内容生产成本，并扩展单人可完成的业务范围"", ""score"": 20.4, ""matched_terms"": [""AI""]}]",11,unknown,estimated,low,{},标题信息：韩股坐上“过山车”！资金不再All in AI，布局这些方向,OPC 关联路径：AI与自动化：降低个人公司的技术、人力与内容生产成本，并扩展单人可完成的业务范围（命中 AI）；原始记录只有标题，不能核实正文细节,"[""AI""]",[],"[""访问原文补全正文后，再核实关联性与实际影响""]",rules
489,地方新闻精选 | 吉林辉南县要求居民就近就高转移 东莞一书法获奖作品被判定为AI生成,界面新闻,2026-07-16T09:36:48.356598,https://www.jiemian.com/article/14769301.html,title_only,relevant,76,56,56,medium,news,enabling,"[{""id"": ""ai_automation"", ""label"": ""AI与自动化"", ""relation_level"": ""enabling"", ""opc_impact"": ""降低个人公司的技术、人力与内容生产成本，并扩展单人可完成的业务范围"", ""score"": 20.4, ""matched_terms"": [""AI""]}]",10,unknown,estimated,low,{},标题信息：地方新闻精选 | 吉林辉南县要求居民就近就高转移 东莞一书法获奖作品被判定为AI生成,OPC 关联路径：AI与自动化：降低个人公司的技术、人力与内容生产成本，并扩展单人可完成的业务范围（命中 AI）；原始记录只有标题，不能核实正文细节,"[""AI""]",[],"[""访问原文补全正文后，再核实关联性与实际影响""]",rules
439,第一份工作正在消失：AI如何切断年轻人的职业阶梯？腾讯新闻大声思考©,虎嗅,2026-07-16T09:36:46.343052,https://www.huxiu.com/article/4871553.html,title_only,relevant,76,56,56,medium,news,enabling,"[{""id"": ""ai_automation"", ""label"": ""AI与自动化"", ""relation_level"": ""enabling"", ""opc_impact"": ""降低个人公司的技术、人力与内容生产成本，并扩展单人可完成的业务范围"", ""score"": 20.4, ""matched_terms"": [""AI""]}]",10,unknown,estimated,low,{},标题信息：第一份工作正在消失：AI如何切断年轻人的职业阶梯？腾讯新闻大声思考©,OPC 关联路径：AI与自动化：降低个人公司的技术、人力与内容生产成本，并扩展单人可完成的业务范围（命中 AI）；原始记录只有标题，不能核实正文细节,"[""AI""]",[],"[""访问原文补全正文后，再核实关联性与实际影响""]",rules
402,AI正在制造一个普遍巨婴的社会？不懂经©,虎嗅,2026-07-16T09:36:46.317652,https://m.huxiu.com/article/4875624.html,title_only,relevant,76,56,56,medium,news,enabling,"[{""id"": ""ai_automation"", ""label"": ""AI与自动化"", ""relation_level"": ""enabling"", ""opc_impact"": ""降低个人公司的技术、人力与内容生产成本，并扩展单人可完成的业务范围"", ""score"": 20.4, ""matched_terms"": [""AI""]}]",10,unknown,estimated,low,{},标题信息：AI正在制造一个普遍巨婴的社会？不懂经©,OPC 关联路径：AI与自动化：降低个人公司的技术、人力与内容生产成本，并扩展单人可完成的业务范围（命中 AI）；原始记录只有标题，不能核实正文细节,"[""AI""]",[],"[""访问原文补全正文后，再核实关联性与实际影响""]",rules
395,8点1氪丨国行苹果AI功能完成备案；三家共享单车上调起步价；知情人曝DeepSeek开始筹备IPO,36氪,2026-07-16T09:34:31.821761,https://36kr.com/p/3897553391978371,title_only,relevant,76,56,56,medium,news,enabling,"[{""id"": ""ai_automation"", ""label"": ""AI与自动化"", ""relation_level"": ""enabling"", ""opc_impact"": ""降低个人公司的技术、人力与内容生产成本，并扩展单人可完成的业务范围"", ""score"": 20.4, ""matched_terms"": [""AI""]}]",10,unknown,estimated,low,{},标题信息：8点1氪丨国行苹果AI功能完成备案；三家共享单车上调起步价；知情人曝DeepSeek开始筹备IPO,OPC 关联路径：AI与自动化：降低个人公司的技术、人力与内容生产成本，并扩展单人可完成的业务范围（命中 AI）；原始记录只有标题，不能核实正文细节,"[""AI""]",[],"[""访问原文补全正文后，再核实关联性与实际影响""]",rules
393,等了两年，国行苹果AI终于通过备案，接入千问,36氪,2026-07-16T09:34:31.820258,https://36kr.com/p/3896830991320962,title_only,relevant,76,56,56,medium,news,enabling,"[{""id"": ""ai_automation"", ""label"": ""AI与自动化"", ""relation_level"": ""enabling"", ""opc_impact"": ""降低个人公司的技术、人力与内容生产成本，并扩展单人可完成的业务范围"", ""score"": 20.4, ""matched_terms"": [""AI""]}]",10,unknown,estimated,low,{},标题信息：等了两年，国行苹果AI终于通过备案，接入千问,OPC 关联路径：AI与自动化：降低个人公司的技术、人力与内容生产成本，并扩展单人可完成的业务范围（命中 AI）；原始记录只有标题，不能核实正文细节,"[""AI""]",[],"[""访问原文补全正文后，再核实关联性与实际影响""]",rules
392,AI制药正迎来关键一跃，资本巨头竞逐新赛道,36氪,2026-07-16T09:34:31.810019,https://36kr.com/newsflashes/3897551464826760,title_only,relevant,76,56,56,medium,news,enabling,"[{""id"": ""ai_automation"", ""label"": ""AI与自动化"", ""relation_level"": ""enabling"", ""opc_impact"": ""降低个人公司的技术、人力与内容生产成本，并扩展单人可完成的业务范围"", ""score"": 20.4, ""matched_terms"": [""AI""]}]",10,unknown,estimated,low,{},标题信息：AI制药正迎来关键一跃，资本巨头竞逐新赛道,OPC 关联路径：AI与自动化：降低个人公司的技术、人力与内容生产成本，并扩展单人可完成的业务范围（命中 AI）；原始记录只有标题，不能核实正文细节,"[""AI""]",[],"[""访问原文补全正文后，再核实关联性与实际影响""]",rules
160,景林资产2026年中致信：AI是一次全球生产函数的变化，核心资产面临重新定义,每经网,2026-07-16T09:28:01.080891,https://www.nbd.com.cn/articles/2026-07-01/4443996.html,title_only,relevant,76,56,56,medium,news,enabling,"[{""id"": ""ai_automation"", ""label"": ""AI与自动化"", ""relation_level"": ""enabling"", ""opc_impact"": ""降低个人公司的技术、人力与内容生产成本，并扩展单人可完成的业务范围"", ""score"": 20.4, ""matched_terms"": [""AI""]}]",10,unknown,estimated,low,{},标题信息：景林资产2026年中致信：AI是一次全球生产函数的变化，核心资产面临重新定义,OPC 关联路径：AI与自动化：降低个人公司的技术、人力与内容生产成本，并扩展单人可完成的业务范围（命中 AI）；原始记录只有标题，不能核实正文细节,"[""AI""]",[],"[""访问原文补全正文后，再核实关联性与实际影响""]",rules
157,减持快手超百亿港元、转身重仓可灵AI，腾讯一场“腾笼换鸟”：照见互联网AI转型分水岭,每经网,2026-07-16T09:28:01.079389,https://www.nbd.com.cn/articles/2026-07-08/4459914.html,title_only,relevant,76,56,56,medium,news,enabling,"[{""id"": ""ai_automation"", ""label"": ""AI与自动化"", ""relation_level"": ""enabling"", ""opc_impact"": ""降低个人公司的技术、人力与内容生产成本，并扩展单人可完成的业务范围"", ""score"": 20.4, ""matched_terms"": [""AI""]}]",10,unknown,estimated,low,{},标题信息：减持快手超百亿港元、转身重仓可灵AI，腾讯一场“腾笼换鸟”：照见互联网AI转型分水岭,OPC 关联路径：AI与自动化：降低个人公司的技术、人力与内容生产成本，并扩展单人可完成的业务范围（命中 AI）；原始记录只有标题，不能核实正文细节,"[""AI""]",[],"[""访问原文补全正文后，再核实关联性与实际影响""]",rules
537,ChatGPT再更新，AI来到超级应用前夜,投资界,2026-07-16T09:36:58.694561,https://news.pedaily.cn/202607/566351.shtml,title_only,relevant,76,56,56,medium,news,enabling,"[{""id"": ""ai_automation"", ""label"": ""AI与自动化"", ""relation_level"": ""enabling"", ""opc_impact"": ""降低个人公司的技术、人力与内容生产成本，并扩展单人可完成的业务范围"", ""score"": 20.4, ""matched_terms"": [""AI""]}]",9,unknown,estimated,low,{},标题信息：ChatGPT再更新，AI来到超级应用前夜,OPC 关联路径：AI与自动化：降低个人公司的技术、人力与内容生产成本，并扩展单人可完成的业务范围（命中 AI）；原始记录只有标题，不能核实正文细节,"[""AI""]",[],"[""访问原文补全正文后，再核实关联性与实际影响""]",rules
529,17部播放量破亿，「种地DNA」在AI短剧里复活了,投资界,2026-07-16T09:36:58.691037,https://news.pedaily.cn/202607/566360.shtml,title_only,relevant,76,56,56,medium,news,enabling,"[{""id"": ""ai_automation"", ""label"": ""AI与自动化"", ""relation_level"": ""enabling"", ""opc_impact"": ""降低个人公司的技术、人力与内容生产成本，并扩展单人可完成的业务范围"", ""score"": 20.4, ""matched_terms"": [""AI""]}]",9,unknown,estimated,low,{},标题信息：17部播放量破亿，「种地DNA」在AI短剧里复活了,OPC 关联路径：AI与自动化：降低个人公司的技术、人力与内容生产成本，并扩展单人可完成的业务范围（命中 AI）；原始记录只有标题，不能核实正文细节,"[""AI""]",[],"[""访问原文补全正文后，再核实关联性与实际影响""]",rules
516,首发| 90后教授用AI造火箭，临界航天天使轮火了,投资界,2026-07-16T09:36:58.674712,https://news.pedaily.cn/202607/566378.shtml,title_only,relevant,76,56,56,medium,news,enabling,"[{""id"": ""ai_automation"", ""label"": ""AI与自动化"", ""relation_level"": ""enabling"", ""opc_impact"": ""降低个人公司的技术、人力与内容生产成本，并扩展单人可完成的业务范围"", ""score"": 20.4, ""matched_terms"": [""AI""]}]",9,unknown,estimated,low,{},标题信息：首发| 90后教授用AI造火箭，临界航天天使轮火了,OPC 关联路径：AI与自动化：降低个人公司的技术、人力与内容生产成本，并扩展单人可完成的业务范围（命中 AI）；原始记录只有标题，不能核实正文细节,"[""AI""]",[],"[""访问原文补全正文后，再核实关联性与实际影响""]",rules
509,人在Meta，休个病假/产假转身被AI裁了？,投资界,2026-07-16T09:36:58.671684,https://news.pedaily.cn/202607/566384.shtml,title_only,relevant,76,56,56,medium,news,enabling,"[{""id"": ""ai_automation"", ""label"": ""AI与自动化"", ""relation_level"": ""enabling"", ""opc_impact"": ""降低个人公司的技术、人力与内容生产成本，并扩展单人可完成的业务范围"", ""score"": 20.4, ""matched_terms"": [""AI""]}]",9,unknown,estimated,low,{},标题信息：人在Meta，休个病假/产假转身被AI裁了？,OPC 关联路径：AI与自动化：降低个人公司的技术、人力与内容生产成本，并扩展单人可完成的业务范围（命中 AI）；原始记录只有标题，不能核实正文细节,"[""AI""]",[],"[""访问原文补全正文后，再核实关联性与实际影响""]",rules
352,总市值400亿，潮汕中专生去敲钟，成AI商业物联网第一股,创业邦,2026-07-16T09:34:27.975373,https://www.cyzone.cn/article/832109.html,title_only,relevant,76,56,56,medium,news,enabling,"[{""id"": ""ai_automation"", ""label"": ""AI与自动化"", ""relation_level"": ""enabling"", ""opc_impact"": ""降低个人公司的技术、人力与内容生产成本，并扩展单人可完成的业务范围"", ""score"": 20.4, ""matched_terms"": [""AI""]}]",9,unknown,estimated,low,{},标题信息：总市值400亿，潮汕中专生去敲钟，成AI商业物联网第一股,OPC 关联路径：AI与自动化：降低个人公司的技术、人力与内容生产成本，并扩展单人可完成的业务范围（命中 AI）；原始记录只有标题，不能核实正文细节,"[""AI""]",[],"[""访问原文补全正文后，再核实关联性与实际影响""]",rules
347,库克WWDC谢幕之作，Siri AI借谷歌Gemini重生，中国还要再等等,创业邦,2026-07-16T09:34:27.973867,https://www.cyzone.cn/article/836163.html,title_only,relevant,76,56,56,medium,news,enabling,"[{""id"": ""ai_automation"", ""label"": ""AI与自动化"", ""relation_level"": ""enabling"", ""opc_impact"": ""降低个人公司的技术、人力与内容生产成本，并扩展单人可完成的业务范围"", ""score"": 20.4, ""matched_terms"": [""AI""]}]",9,unknown,estimated,low,{},标题信息：库克WWDC谢幕之作，Siri AI借谷歌Gemini重生，中国还要再等等,OPC 关联路径：AI与自动化：降低个人公司的技术、人力与内容生产成本，并扩展单人可完成的业务范围（命中 AI）；原始记录只有标题，不能核实正文细节,"[""AI""]",[],"[""访问原文补全正文后，再核实关联性与实际影响""]",rules
337,离谱到家！一张AI假图，拿下了摄影比赛一等奖,创业邦,2026-07-16T09:34:27.959717,https://www.cyzone.cn/article/839937.html,title_only,relevant,76,56,56,medium,news,enabling,"[{""id"": ""ai_automation"", ""label"": ""AI与自动化"", ""relation_level"": ""enabling"", ""opc_impact"": ""降低个人公司的技术、人力与内容生产成本，并扩展单人可完成的业务范围"", ""score"": 20.4, ""matched_terms"": [""AI""]}]",9,unknown,estimated,low,{},标题信息：离谱到家！一张AI假图，拿下了摄影比赛一等奖,OPC 关联路径：AI与自动化：降低个人公司的技术、人力与内容生产成本，并扩展单人可完成的业务范围（命中 AI）；原始记录只有标题，不能核实正文细节,"[""AI""]",[],"[""访问原文补全正文后，再核实关联性与实际影响""]",rules
335,奇绩、徐汇资本双轮加注，00后AI原生团队用DM Agent OS重塑商品与内容的流转逻辑,创业邦,2026-07-16T09:34:27.958700,https://www.cyzone.cn/article/840013.html,title_only,relevant,76,56,56,medium,news,enabling,"[{""id"": ""ai_automation"", ""label"": ""AI与自动化"", ""relation_level"": ""enabling"", ""opc_impact"": ""降低个人公司的技术、人力与内容生产成本，并扩展单人可完成的业务范围"", ""score"": 20.4, ""matched_terms"": [""AI""]}]",9,unknown,estimated,low,{},标题信息：奇绩、徐汇资本双轮加注，00后AI原生团队用DM Agent OS重塑商品与内容的流转逻辑,OPC 关联路径：AI与自动化：降低个人公司的技术、人力与内容生产成本，并扩展单人可完成的业务范围（命中 AI）；原始记录只有标题，不能核实正文细节,"[""AI""]",[],"[""访问原文补全正文后，再核实关联性与实际影响""]",rules
329,AI玩具狂飙，风口还是裸泳？,创业邦,2026-07-16T09:34:27.956697,https://www.cyzone.cn/article/839941.html,title_only,relevant,76,56,56,medium,news,enabling,"[{""id"": ""ai_automation"", ""label"": ""AI与自动化"", ""relation_level"": ""enabling"", ""opc_impact"": ""降低个人公司的技术、人力与内容生产成本，并扩展单人可完成的业务范围"", ""score"": 20.4, ""matched_terms"": [""AI""]}]",9,unknown,estimated,low,{},标题信息：AI玩具狂飙，风口还是裸泳？,OPC 关联路径：AI与自动化：降低个人公司的技术、人力与内容生产成本，并扩展单人可完成的业务范围（命中 AI）；原始记录只有标题，不能核实正文细节,"[""AI""]",[],"[""访问原文补全正文后，再核实关联性与实际影响""]",rules
328,AI与职业这三年：震荡、规律与职业群像,创业邦,2026-07-16T09:34:27.955690,https://www.cyzone.cn/article/839950.html,title_only,relevant,76,56,56,medium,news,enabling,"[{""id"": ""ai_automation"", ""label"": ""AI与自动化"", ""relation_level"": ""enabling"", ""opc_impact"": ""降低个人公司的技术、人力与内容生产成本，并扩展单人可完成的业务范围"", ""score"": 20.4, ""matched_terms"": [""AI""]}]",9,unknown,estimated,low,{},标题信息：AI与职业这三年：震荡、规律与职业群像,OPC 关联路径：AI与自动化：降低个人公司的技术、人力与内容生产成本，并扩展单人可完成的业务范围（命中 AI）；原始记录只有标题，不能核实正文细节,"[""AI""]",[],"[""访问原文补全正文后，再核实关联性与实际影响""]",rules
325,710亿！清华校友携“物理AI第一股”，刚刚敲钟港交所,创业邦,2026-07-16T09:34:27.954256,https://www.cyzone.cn/article/839231.html,title_only,relevant,76,56,56,medium,news,enabling,"[{""id"": ""ai_automation"", ""label"": ""AI与自动化"", ""relation_level"": ""enabling"", ""opc_impact"": ""降低个人公司的技术、人力与内容生产成本，并扩展单人可完成的业务范围"", ""score"": 20.4, ""matched_terms"": [""AI""]}]",9,unknown,estimated,low,{},标题信息：710亿！清华校友携“物理AI第一股”，刚刚敲钟港交所,OPC 关联路径：AI与自动化：降低个人公司的技术、人力与内容生产成本，并扩展单人可完成的业务范围（命中 AI）；原始记录只有标题，不能核实正文细节,"[""AI""]",[],"[""访问原文补全正文后，再核实关联性与实际影响""]",rules
655,亿航智能回应裁员传闻：基于AI提效背景优化低绩效岗位，核心骨干团队保持稳定,i黑马,2026-07-16T09:37:05.772719,https://www.iheima.com/article-399602.html,title_only,relevant,76,56,56,medium,news,enabling,"[{""id"": ""ai_automation"", ""label"": ""AI与自动化"", ""relation_level"": ""enabling"", ""opc_impact"": ""降低个人公司的技术、人力与内容生产成本，并扩展单人可完成的业务范围"", ""score"": 20.4, ""matched_terms"": [""AI""]}]",8,unknown,estimated,low,{},标题信息：亿航智能回应裁员传闻：基于AI提效背景优化低绩效岗位，核心骨干团队保持稳定,OPC 关联路径：AI与自动化：降低个人公司的技术、人力与内容生产成本，并扩展单人可完成的业务范围（命中 AI）；原始记录只有标题，不能核实正文细节,"[""AI""]",[],"[""访问原文补全正文后，再核实关联性与实际影响""]",rules
649,国行苹果AI功能完成备案,i黑马,2026-07-16T09:37:05.770724,https://www.iheima.com/article-399620.html,title_only,relevant,76,56,56,medium,news,enabling,"[{""id"": ""ai_automation"", ""label"": ""AI与自动化"", ""relation_level"": ""enabling"", ""opc_impact"": ""降低个人公司的技术、人力与内容生产成本，并扩展单人可完成的业务范围"", ""score"": 20.4, ""matched_terms"": [""AI""]}]",8,unknown,estimated,low,{},标题信息：国行苹果AI功能完成备案,OPC 关联路径：AI与自动化：降低个人公司的技术、人力与内容生产成本，并扩展单人可完成的业务范围（命中 AI）；原始记录只有标题，不能核实正文细节,"[""AI""]",[],"[""访问原文补全正文后，再核实关联性与实际影响""]",rules
642,Anthropic、黑石集团等联合推出企业AI服务公司Ode,i黑马,2026-07-16T09:37:05.767470,https://www.iheima.com/article-399627.html,title_only,relevant,76,56,56,medium,news,enabling,"[{""id"": ""ai_automation"", ""label"": ""AI与自动化"", ""relation_level"": ""enabling"", ""opc_impact"": ""降低个人公司的技术、人力与内容生产成本，并扩展单人可完成的业务范围"", ""score"": 20.4, ""matched_terms"": [""AI""]}]",8,unknown,estimated,low,{},标题信息：Anthropic、黑石集团等联合推出企业AI服务公司Ode,OPC 关联路径：AI与自动化：降低个人公司的技术、人力与内容生产成本，并扩展单人可完成的业务范围（命中 AI）；原始记录只有标题，不能核实正文细节,"[""AI""]",[],"[""访问原文补全正文后，再核实关联性与实际影响""]",rules
234,上半年外贸首破25万亿元：AI、机器人成出口新引擎,搜狐财经,2026-07-16T09:28:23.884231,https://www.sohu.com/a/1050262531_115571?scm=10001.611_14-200000.0.0-0-0-0-0.,title_only,relevant,76,55,55,medium,news,enabling,"[{""id"": ""ai_automation"", ""label"": ""AI与自动化"", ""relation_level"": ""enabling"", ""opc_impact"": ""降低个人公司的技术、人力与内容生产成本，并扩展单人可完成的业务范围"", ""score"": 20.4, ""matched_terms"": [""AI""]}]",7,unknown,estimated,low,{},标题信息：上半年外贸首破25万亿元：AI、机器人成出口新引擎,OPC 关联路径：AI与自动化：降低个人公司的技术、人力与内容生产成本，并扩展单人可完成的业务范围（命中 AI）；原始记录只有标题，不能核实正文细节,"[""AI""]",[],"[""访问原文补全正文后，再核实关联性与实际影响""]",rules
507,推荐外资机构把脉A股：AI景气度仍向好，市场正进入结构性分化新阶段,澎湃新闻,2026-07-16T09:36:50.793462,https://www.thepaper.cn/newsDetail_forward_33586841,title_only,relevant,76,55,55,medium,news,enabling,"[{""id"": ""ai_automation"", ""label"": ""AI与自动化"", ""relation_level"": ""enabling"", ""opc_impact"": ""降低个人公司的技术、人力与内容生产成本，并扩展单人可完成的业务范围"", ""score"": 20.4, ""matched_terms"": [""AI""]}]",5,unknown,estimated,low,{},标题信息：推荐外资机构把脉A股：AI景气度仍向好，市场正进入结构性分化新阶段,OPC 关联路径：AI与自动化：降低个人公司的技术、人力与内容生产成本，并扩展单人可完成的业务范围（命中 AI）；原始记录只有标题，不能核实正文细节,"[""AI""]",[],"[""访问原文补全正文后，再核实关联性与实际影响""]",rules
506,推荐WAIC前夕看全球AI治理变局：拒绝“富国游戏”，规则之争加快,澎湃新闻,2026-07-16T09:36:50.793462,https://www.thepaper.cn/newsDetail_forward_33590679,title_only,relevant,76,55,55,medium,news,enabling,"[{""id"": ""ai_automation"", ""label"": ""AI与自动化"", ""relation_level"": ""enabling"", ""opc_impact"": ""降低个人公司的技术、人力与内容生产成本，并扩展单人可完成的业务范围"", ""score"": 20.4, ""matched_terms"": [""AI""]}]",5,unknown,estimated,low,{},标题信息：推荐WAIC前夕看全球AI治理变局：拒绝“富国游戏”，规则之争加快,OPC 关联路径：AI与自动化：降低个人公司的技术、人力与内容生产成本，并扩展单人可完成的业务范围（命中 AI）；原始记录只有标题，不能核实正文细节,"[""AI""]",[],"[""访问原文补全正文后，再核实关联性与实际影响""]",rules
505,推荐02:17大方之谈丨对话周伯文：一个AI科学家的世界观,澎湃新闻,2026-07-16T09:36:50.792465,https://www.thepaper.cn/newsDetail_forward_33592914,title_only,relevant,76,55,55,medium,news,enabling,"[{""id"": ""ai_automation"", ""label"": ""AI与自动化"", ""relation_level"": ""enabling"", ""opc_impact"": ""降低个人公司的技术、人力与内容生产成本，并扩展单人可完成的业务范围"", ""score"": 20.4, ""matched_terms"": [""AI""]}]",5,unknown,estimated,low,{},标题信息：推荐02:17大方之谈丨对话周伯文：一个AI科学家的世界观,OPC 关联路径：AI与自动化：降低个人公司的技术、人力与内容生产成本，并扩展单人可完成的业务范围（命中 AI）；原始记录只有标题，不能核实正文细节,"[""AI""]",[],"[""访问原文补全正文后，再核实关联性与实际影响""]",rules
372,特朗普也搞电商副业，在亚马逊上开店卖帽子、鞋服；T86政策又变！每件小额包裹关税最高至150美元丨Going Global,创业邦,2026-07-16T09:34:28.290194,https://www.cyzone.cn/article/795582.html,title_only,relevant,73,54,59,medium,policy,operational,"[{""id"": ""solo_business"", ""label"": ""创业与个体经营"", ""relation_level"": ""operational"", ""opc_impact"": ""影响一人公司的创办方式、经营主体选择和个人职业路径"", ""score"": 14.0, ""matched_terms"": [""副业""]}, {""id"": ""growth_channels"", ""label"": ""获客与增长渠道"", ""relation_level"": ""operational"", ""opc_impact"": ""影响一人公司的低成本获客、销售渠道与市场扩张能力"", ""score"": 12.0, ""matched_terms"": [""电商""]}, {""id"": ""policy_compliance"", ""label"": ""注册、税务与合规"", ""relation_level"": ""operational"", ""opc_impact"": ""影响一人公司的注册门槛、税务成本、用工方式和合规风险"", ""score"": 6.0, ""matched_terms"": [""政策""]}]",9,unknown,estimated,low,{},标题信息：特朗普也搞电商副业，在亚马逊上开店卖帽子、鞋服；T86政策又变！每件小额包裹关税最高至150美元丨Going Global,OPC 关联路径：创业与个体经营：影响一人公司的创办方式、经营主体选择和个人职业路径（命中 副业）；获客与增长渠道：影响一人公司的低成本获客、销售渠道与市场扩张能力（命中 电商）；注册、税务与合规：影响一人公司的注册门槛、税务成本、用工方式和合规风险（命中 政策）；原始记录只有标题，不能核实正文细节,"[""副业"", ""政策"", ""电商""]",[],"[""访问原文补全正文后，再核实关联性与实际影响""]",rules
591,中信百信银行智能体平台,中国经济网,2026-07-16T09:37:03.775973,http://city.ce.cn/fw/202607/t20260713_3084801.shtml,title_only,relevant,67,50,50,medium,news,enabling,"[{""id"": ""ai_automation"", ""label"": ""AI与自动化"", ""relation_level"": ""enabling"", ""opc_impact"": ""降低个人公司的技术、人力与内容生产成本，并扩展单人可完成的业务范围"", ""score"": 16.0, ""matched_terms"": [""智能体""]}]",11,unknown,estimated,low,{},标题信息：中信百信银行智能体平台,OPC 关联路径：AI与自动化：降低个人公司的技术、人力与内容生产成本，并扩展单人可完成的业务范围（命中 智能体）；原始记录只有标题，不能核实正文细节,"[""智能体""]",[],"[""访问原文补全正文后，再核实关联性与实际影响""]",rules
158,我的“情绪树洞”要消失了！豆包、千问将同步下线智能体：有人心碎、有人叫好，背后合规压力、算力烧钱两头难扛,每经网,2026-07-16T09:28:01.079389,https://www.nbd.com.cn/articles/2026-07-06/4455771.html,title_only,relevant,67,50,50,medium,news,enabling,"[{""id"": ""ai_automation"", ""label"": ""AI与自动化"", ""relation_level"": ""enabling"", ""opc_impact"": ""降低个人公司的技术、人力与内容生产成本，并扩展单人可完成的业务范围"", ""score"": 16.0, ""matched_terms"": [""智能体""]}]",10,unknown,estimated,low,{},标题信息：我的“情绪树洞”要消失了！豆包、千问将同步下线智能体：有人心碎、有人叫好，背后合规压力、算力烧钱两头难扛,OPC 关联路径：AI与自动化：降低个人公司的技术、人力与内容生产成本，并扩展单人可完成的业务范围（命中 智能体）；原始记录只有标题，不能核实正文细节,"[""智能体""]",[],"[""访问原文补全正文后，再核实关联性与实际影响""]",rules
561,货币政策、信贷、离岸人民币…央行发布会回应十大热点07-15 20:130评,凤凰财经,2026-07-16T09:37:00.661327,https://finance.ifeng.com/c/8umpLsyh3D9,title_only,relevant,66,49,54,medium,policy,contextual,"[{""id"": ""finance_capital"", ""label"": ""融资与经营资金"", ""relation_level"": ""contextual"", ""opc_impact"": ""影响个人创业者获得启动资金、信贷和现金流支持的条件"", ""score"": 12.8, ""matched_terms"": [""信贷"", ""货币政策""]}, {""id"": ""policy_compliance"", ""label"": ""注册、税务与合规"", ""relation_level"": ""operational"", ""opc_impact"": ""影响一人公司的注册门槛、税务成本、用工方式和合规风险"", ""score"": 10.2, ""matched_terms"": [""政策""]}]",11,unknown,estimated,low,{},标题信息：货币政策、信贷、离岸人民币…央行发布会回应十大热点07-15 20:130评,OPC 关联路径：融资与经营资金：影响个人创业者获得启动资金、信贷和现金流支持的条件（命中 信贷、货币政策）；注册、税务与合规：影响一人公司的注册门槛、税务成本、用工方式和合规风险（命中 政策）；原始记录只有标题，不能核实正文细节,"[""信贷"", ""政策"", ""货币政策""]",[],"[""访问原文补全正文后，再核实关联性与实际影响""]",rules
500,第二代豆包手机要来了，端侧大模型已获备案,界面新闻,2026-07-16T09:36:48.900911,https://www.jiemian.com/article/14771457.html,title_only,relevant,63,47,47,medium,news,enabling,"[{""id"": ""ai_automation"", ""label"": ""AI与自动化"", ""relation_level"": ""enabling"", ""opc_impact"": ""降低个人公司的技术、人力与内容生产成本，并扩展单人可完成的业务范围"", ""score"": 14.0, ""matched_terms"": [""大模型""]}]",10,unknown,estimated,low,{},标题信息：第二代豆包手机要来了，端侧大模型已获备案,OPC 关联路径：AI与自动化：降低个人公司的技术、人力与内容生产成本，并扩展单人可完成的业务范围（命中 大模型）；原始记录只有标题，不能核实正文细节,"[""大模型""]",[],"[""访问原文补全正文后，再核实关联性与实际影响""]",rules
363,当大模型公司开始造手机,创业邦,2026-07-16T09:34:28.286183,https://www.cyzone.cn/article/839896.html,title_only,relevant,63,47,47,medium,news,enabling,"[{""id"": ""ai_automation"", ""label"": ""AI与自动化"", ""relation_level"": ""enabling"", ""opc_impact"": ""降低个人公司的技术、人力与内容生产成本，并扩展单人可完成的业务范围"", ""score"": 14.0, ""matched_terms"": [""大模型""]}]",9,unknown,estimated,low,{},标题信息：当大模型公司开始造手机,OPC 关联路径：AI与自动化：降低个人公司的技术、人力与内容生产成本，并扩展单人可完成的业务范围（命中 大模型）；原始记录只有标题，不能核实正文细节,"[""大模型""]",[],"[""访问原文补全正文后，再核实关联性与实际影响""]",rules
44,上半年金融数据出炉：信贷“降速提质”、债券与股票融资占比提升随着房地产市场深度调整、地方政府化债工作有序推进，这一部分贷款规模出现下降，其他贷款要先填补上这个缺口才能表现为增量。7分钟前,第一财经,2026-07-16T09:27:50.503503,https://www.yicai.com/news/103276788.html,title_only,relevant,59,46,46,medium,news,contextual,"[{""id"": ""finance_capital"", ""label"": ""融资与经营资金"", ""relation_level"": ""contextual"", ""opc_impact"": ""影响个人创业者获得启动资金、信贷和现金流支持的条件"", ""score"": 12.0, ""matched_terms"": [""信贷"", ""融资""]}]",14,unknown,estimated,low,{},标题信息：上半年金融数据出炉：信贷“降速提质”、债券与股票融资占比提升随着房地产市场深度调整、地方政府化债工作有序推进，这一部分贷款规模出现下降，其他贷款要先填补上这个缺口才能表现为增量。7分钟前,OPC 关联路径：融资与经营资金：影响个人创业者获得启动资金、信贷和现金流支持的条件（命中 信贷、融资）；原始记录只有标题，不能核实正文细节,"[""信贷"", ""融资""]",[],"[""访问原文补全正文后，再核实关联性与实际影响""]",rules
262,聚焦上半年货币政策执行情况 这场发布会信息量很大,21世纪经济报道,2026-07-16T09:34:17.176075,https://m.21jingji.com/article/20260716/herald/443594ce088e5b81765fc4400b559b4f.html,title_only,relevant,60,46,51,medium,policy,operational,"[{""id"": ""policy_compliance"", ""label"": ""注册、税务与合规"", ""relation_level"": ""operational"", ""opc_impact"": ""影响一人公司的注册门槛、税务成本、用工方式和合规风险"", ""score"": 10.2, ""matched_terms"": [""政策""]}, {""id"": ""finance_capital"", ""label"": ""融资与经营资金"", ""relation_level"": ""contextual"", ""opc_impact"": ""影响个人创业者获得启动资金、信贷和现金流支持的条件"", ""score"": 6.8, ""matched_terms"": [""货币政策""]}]",13,unknown,estimated,low,{},标题信息：聚焦上半年货币政策执行情况 这场发布会信息量很大,OPC 关联路径：注册、税务与合规：影响一人公司的注册门槛、税务成本、用工方式和合规风险（命中 政策）；融资与经营资金：影响个人创业者获得启动资金、信贷和现金流支持的条件（命中 货币政策）；原始记录只有标题，不能核实正文细节,"[""政策"", ""货币政策""]",[],"[""访问原文补全正文后，再核实关联性与实际影响""]",rules
497,货币政策将有这些动作！央行重磅发声,界面新闻,2026-07-16T09:36:48.899914,https://www.jiemian.com/article/14769708.html,title_only,relevant,60,46,51,medium,policy,operational,"[{""id"": ""policy_compliance"", ""label"": ""注册、税务与合规"", ""relation_level"": ""operational"", ""opc_impact"": ""影响一人公司的注册门槛、税务成本、用工方式和合规风险"", ""score"": 10.2, ""matched_terms"": [""政策""]}, {""id"": ""finance_capital"", ""label"": ""融资与经营资金"", ""relation_level"": ""contextual"", ""opc_impact"": ""影响个人创业者获得启动资金、信贷和现金流支持的条件"", ""score"": 6.8, ""matched_terms"": [""货币政策""]}]",12,unknown,estimated,low,{},标题信息：货币政策将有这些动作！央行重磅发声,OPC 关联路径：注册、税务与合规：影响一人公司的注册门槛、税务成本、用工方式和合规风险（命中 政策）；融资与经营资金：影响个人创业者获得启动资金、信贷和现金流支持的条件（命中 货币政策）；原始记录只有标题，不能核实正文细节,"[""政策"", ""货币政策""]",[],"[""访问原文补全正文后，再核实关联性与实际影响""]",rules
283,上半年金融数据低增，信贷投放“换挡”，融资结构优化,21世纪经济报道,2026-07-16T09:34:17.197695,https://m.21jingji.com/article/20260715/herald/07c1c9829f721d2fa538e212d9033f24.html,title_only,relevant,59,45,45,medium,news,contextual,"[{""id"": ""finance_capital"", ""label"": ""融资与经营资金"", ""relation_level"": ""contextual"", ""opc_impact"": ""影响个人创业者获得启动资金、信贷和现金流支持的条件"", ""score"": 12.0, ""matched_terms"": [""信贷"", ""融资""]}]",13,unknown,estimated,low,{},标题信息：上半年金融数据低增，信贷投放“换挡”，融资结构优化,OPC 关联路径：融资与经营资金：影响个人创业者获得启动资金、信贷和现金流支持的条件（命中 信贷、融资）；原始记录只有标题，不能核实正文细节,"[""信贷"", ""融资""]",[],"[""访问原文补全正文后，再核实关联性与实际影响""]",rules
623,增10.72万亿元！货币政策支持实体经济力度稳固,中国经济网,2026-07-16T09:37:03.802968,http://www.ce.cn/xwzx/gnsz/gdxw/202607/t20260716_3088807.shtml,title_only,relevant,60,45,50,medium,policy,operational,"[{""id"": ""policy_compliance"", ""label"": ""注册、税务与合规"", ""relation_level"": ""operational"", ""opc_impact"": ""影响一人公司的注册门槛、税务成本、用工方式和合规风险"", ""score"": 10.2, ""matched_terms"": [""政策""]}, {""id"": ""finance_capital"", ""label"": ""融资与经营资金"", ""relation_level"": ""contextual"", ""opc_impact"": ""影响个人创业者获得启动资金、信贷和现金流支持的条件"", ""score"": 6.8, ""matched_terms"": [""货币政策""]}]",11,unknown,estimated,low,{},标题信息：增10.72万亿元！货币政策支持实体经济力度稳固,OPC 关联路径：注册、税务与合规：影响一人公司的注册门槛、税务成本、用工方式和合规风险（命中 政策）；融资与经营资金：影响个人创业者获得启动资金、信贷和现金流支持的条件（命中 货币政策）；原始记录只有标题，不能核实正文细节,"[""政策"", ""货币政策""]",[],"[""访问原文补全正文后，再核实关联性与实际影响""]",rules
296,破解“供强需弱”，关键在营商环境｜中国经济·年中观澜,21世纪经济报道,2026-07-16T09:34:17.223905,https://m.21jingji.com/article/20260715/herald/c852ed5f946946f5190c6a131da92306.html,title_only,relevant,59,45,45,medium,news,operational,"[{""id"": ""policy_compliance"", ""label"": ""注册、税务与合规"", ""relation_level"": ""operational"", ""opc_impact"": ""影响一人公司的注册门槛、税务成本、用工方式和合规风险"", ""score"": 12.0, ""matched_terms"": [""营商环境""]}]",11,unknown,estimated,low,{},标题信息：破解“供强需弱”，关键在营商环境｜中国经济·年中观澜,OPC 关联路径：注册、税务与合规：影响一人公司的注册门槛、税务成本、用工方式和合规风险（命中 营商环境）；原始记录只有标题，不能核实正文细节,"[""营商环境""]",[],"[""访问原文补全正文后，再核实关联性与实际影响""]",rules
575,央行：把握好货币政策实施的力度、节奏和时机，加大逆周期和跨周期调节力度07-15 15:210评,凤凰财经,2026-07-16T09:37:00.668881,https://finance.ifeng.com/c/8umTwQwzNhu,title_only,relevant,60,45,50,medium,policy,operational,"[{""id"": ""policy_compliance"", ""label"": ""注册、税务与合规"", ""relation_level"": ""operational"", ""opc_impact"": ""影响一人公司的注册门槛、税务成本、用工方式和合规风险"", ""score"": 10.2, ""matched_terms"": [""政策""]}, {""id"": ""finance_capital"", ""label"": ""融资与经营资金"", ""relation_level"": ""contextual"", ""opc_impact"": ""影响个人创业者获得启动资金、信贷和现金流支持的条件"", ""score"": 6.8, ""matched_terms"": [""货币政策""]}]",9,unknown,estimated,low,{},标题信息：央行：把握好货币政策实施的力度、节奏和时机，加大逆周期和跨周期调节力度07-15 15:210评,OPC 关联路径：注册、税务与合规：影响一人公司的注册门槛、税务成本、用工方式和合规风险（命中 政策）；融资与经营资金：影响个人创业者获得启动资金、信贷和现金流支持的条件（命中 货币政策）；原始记录只有标题，不能核实正文细节,"[""政策"", ""货币政策""]",[],"[""访问原文补全正文后，再核实关联性与实际影响""]",rules
541,美联储三把手释放鸽派信号：通胀可能已见顶，货币政策处于合适位置,凤凰财经,2026-07-16T09:37:00.637179,https://finance.ifeng.com/c/8un3B0sEjxt,title_only,relevant,60,45,50,medium,policy,operational,"[{""id"": ""policy_compliance"", ""label"": ""注册、税务与合规"", ""relation_level"": ""operational"", ""opc_impact"": ""影响一人公司的注册门槛、税务成本、用工方式和合规风险"", ""score"": 10.2, ""matched_terms"": [""政策""]}, {""id"": ""finance_capital"", ""label"": ""融资与经营资金"", ""relation_level"": ""contextual"", ""opc_impact"": ""影响个人创业者获得启动资金、信贷和现金流支持的条件"", ""score"": 6.8, ""matched_terms"": [""货币政策""]}]",9,unknown,estimated,low,{},标题信息：美联储三把手释放鸽派信号：通胀可能已见顶，货币政策处于合适位置,OPC 关联路径：注册、税务与合规：影响一人公司的注册门槛、税务成本、用工方式和合规风险（命中 政策）；融资与经营资金：影响个人创业者获得启动资金、信贷和现金流支持的条件（命中 货币政策）；原始记录只有标题，不能核实正文细节,"[""政策"", ""货币政策""]",[],"[""访问原文补全正文后，再核实关联性与实际影响""]",rules
460,告别“靠天吃饭”！十余家券商中报预喜，科创业务成隐形利润密码,界面新闻,2026-07-16T09:36:48.328711,https://www.jiemian.com/article/14757800.html,title_only,relevant,59,44,44,medium,news,operational,"[{""id"": ""solo_business"", ""label"": ""创业与个体经营"", ""relation_level"": ""operational"", ""opc_impact"": ""影响一人公司的创办方式、经营主体选择和个人职业路径"", ""score"": 12.0, ""matched_terms"": [""创业""]}]",10,unknown,estimated,low,{},标题信息：告别“靠天吃饭”！十余家券商中报预喜，科创业务成隐形利润密码,OPC 关联路径：创业与个体经营：影响一人公司的创办方式、经营主体选择和个人职业路径（命中 创业）；原始记录只有标题，不能核实正文细节,"[""创业""]",[],"[""访问原文补全正文后，再核实关联性与实际影响""]",rules
427,德国十万大裁员，隐形冠军，正在批量阵亡各行各业的隐形冠军，以及背后更广大的中小企业，铸就了德国巨舰真正不可替代的护城河地球知识局,虎嗅,2026-07-16T09:36:46.337818,https://www.huxiu.com/article/4875574.html,title_only,relevant,59,44,44,medium,news,operational,"[{""id"": ""solo_business"", ""label"": ""创业与个体经营"", ""relation_level"": ""operational"", ""opc_impact"": ""影响一人公司的创办方式、经营主体选择和个人职业路径"", ""score"": 12.0, ""matched_terms"": [""中小企业""]}]",10,unknown,estimated,low,{},标题信息：德国十万大裁员，隐形冠军，正在批量阵亡各行各业的隐形冠军，以及背后更广大的中小企业，铸就了德国巨舰真正不可替代的护城河地球知识局,OPC 关联路径：创业与个体经营：影响一人公司的创办方式、经营主体选择和个人职业路径（命中 中小企业）；原始记录只有标题，不能核实正文细节,"[""中小企业""]",[],"[""访问原文补全正文后，再核实关联性与实际影响""]",rules
367,TikTok英国测试“Trendy Beat”，试水自营电商模式丨Going Global,创业邦,2026-07-16T09:34:28.288697,https://www.cyzone.cn/article/812559.html,title_only,relevant,59,44,44,medium,news,operational,"[{""id"": ""growth_channels"", ""label"": ""获客与增长渠道"", ""relation_level"": ""operational"", ""opc_impact"": ""影响一人公司的低成本获客、销售渠道与市场扩张能力"", ""score"": 12.0, ""matched_terms"": [""电商""]}]",9,unknown,estimated,low,{},标题信息：TikTok英国测试“Trendy Beat”，试水自营电商模式丨Going Global,OPC 关联路径：获客与增长渠道：影响一人公司的低成本获客、销售渠道与市场扩张能力（命中 电商）；原始记录只有标题，不能核实正文细节,"[""电商""]",[],"[""访问原文补全正文后，再核实关联性与实际影响""]",rules
197,易纲：实施好稳健的货币政策 推动金融改革开放,网易财经,2026-07-16T09:28:21.871950,http://money.163.com/18/0319/10/DD8M62V500258105.html,title_only,relevant,60,44,49,medium,policy,operational,"[{""id"": ""policy_compliance"", ""label"": ""注册、税务与合规"", ""relation_level"": ""operational"", ""opc_impact"": ""影响一人公司的注册门槛、税务成本、用工方式和合规风险"", ""score"": 10.2, ""matched_terms"": [""政策""]}, {""id"": ""finance_capital"", ""label"": ""融资与经营资金"", ""relation_level"": ""contextual"", ""opc_impact"": ""影响个人创业者获得启动资金、信贷和现金流支持的条件"", ""score"": 6.8, ""matched_terms"": [""货币政策""]}]",5,unknown,estimated,low,{},标题信息：易纲：实施好稳健的货币政策 推动金融改革开放,OPC 关联路径：注册、税务与合规：影响一人公司的注册门槛、税务成本、用工方式和合规风险（命中 政策）；融资与经营资金：影响个人创业者获得启动资金、信贷和现金流支持的条件（命中 货币政策）；原始记录只有标题，不能核实正文细节,"[""政策"", ""货币政策""]",[],"[""访问原文补全正文后，再核实关联性与实际影响""]",rules
195,易纲两篇小文：货币政策是一门科学 更是一种艺术,网易财经,2026-07-16T09:28:21.870941,http://money.163.com/18/0319/08/DD8ECOH000259AD0.html,title_only,relevant,60,44,49,medium,policy,operational,"[{""id"": ""policy_compliance"", ""label"": ""注册、税务与合规"", ""relation_level"": ""operational"", ""opc_impact"": ""影响一人公司的注册门槛、税务成本、用工方式和合规风险"", ""score"": 10.2, ""matched_terms"": [""政策""]}, {""id"": ""finance_capital"", ""label"": ""融资与经营资金"", ""relation_level"": ""contextual"", ""opc_impact"": ""影响个人创业者获得启动资金、信贷和现金流支持的条件"", ""score"": 6.8, ""matched_terms"": [""货币政策""]}]",5,unknown,estimated,low,{},标题信息：易纲两篇小文：货币政策是一门科学 更是一种艺术,OPC 关联路径：注册、税务与合规：影响一人公司的注册门槛、税务成本、用工方式和合规风险（命中 政策）；融资与经营资金：影响个人创业者获得启动资金、信贷和现金流支持的条件（命中 货币政策）；原始记录只有标题，不能核实正文细节,"[""政策"", ""货币政策""]",[],"[""访问原文补全正文后，再核实关联性与实际影响""]",rules
430,中国的民营企业出海，正意外赢得一场“软实力竞争”IPP评论©13小时前,虎嗅,2026-07-16T09:36:46.339286,https://www.huxiu.com/article/4875563.html,title_only,review,55,48,48,low,news,operational,"[{""id"": ""growth_channels"", ""label"": ""获客与增长渠道"", ""relation_level"": ""operational"", ""opc_impact"": ""影响一人公司的低成本获客、销售渠道与市场扩张能力"", ""score"": 10.0, ""matched_terms"": [""出海""]}]",30,low,estimated,low,{},标题信息：中国的民营企业出海，正意外赢得一场“软实力竞争”IPP评论©13小时前,OPC 关联路径：获客与增长渠道：影响一人公司的低成本获客、销售渠道与市场扩张能力（命中 出海）；原始记录只有标题，不能核实正文细节,"[""出海""]",[],"[""访问原文补全正文后，再核实关联性与实际影响""]",rules
83,看好汽车高端化和出海行情 关注三条主线,证券时报,2026-07-16T09:27:54.355785,https://www.stcn.com/article/detail/4022171.html,title_only,review,55,42,42,low,news,operational,"[{""id"": ""growth_channels"", ""label"": ""获客与增长渠道"", ""relation_level"": ""operational"", ""opc_impact"": ""影响一人公司的低成本获客、销售渠道与市场扩张能力"", ""score"": 10.0, ""matched_terms"": [""出海""]}]",12,unknown,estimated,low,{},标题信息：看好汽车高端化和出海行情 关注三条主线,OPC 关联路径：获客与增长渠道：影响一人公司的低成本获客、销售渠道与市场扩张能力（命中 出海）；原始记录只有标题，不能核实正文细节,"[""出海""]",[],"[""访问原文补全正文后，再核实关联性与实际影响""]",rules
467,出海日报｜面壁智能MiniCPM模型将搭载三星旗舰机型，创新药海外BD进入价值兑现窗口,界面新闻,2026-07-16T09:36:48.331009,https://www.jiemian.com/article/14772584.html,title_only,review,55,42,42,low,news,operational,"[{""id"": ""growth_channels"", ""label"": ""获客与增长渠道"", ""relation_level"": ""operational"", ""opc_impact"": ""影响一人公司的低成本获客、销售渠道与市场扩张能力"", ""score"": 10.0, ""matched_terms"": [""出海""]}]",10,unknown,estimated,low,{},标题信息：出海日报｜面壁智能MiniCPM模型将搭载三星旗舰机型，创新药海外BD进入价值兑现窗口,OPC 关联路径：获客与增长渠道：影响一人公司的低成本获客、销售渠道与市场扩张能力（命中 出海）；原始记录只有标题，不能核实正文细节,"[""出海""]",[],"[""访问原文补全正文后，再核实关联性与实际影响""]",rules
459,半年出海千亿美元：国产创新药迎来“质变”时刻,界面新闻,2026-07-16T09:36:48.327677,https://www.jiemian.com/article/14757560.html,title_only,review,55,42,42,low,news,operational,"[{""id"": ""growth_channels"", ""label"": ""获客与增长渠道"", ""relation_level"": ""operational"", ""opc_impact"": ""影响一人公司的低成本获客、销售渠道与市场扩张能力"", ""score"": 10.0, ""matched_terms"": [""出海""]}]",10,unknown,estimated,low,{},标题信息：半年出海千亿美元：国产创新药迎来“质变”时刻,OPC 关联路径：获客与增长渠道：影响一人公司的低成本获客、销售渠道与市场扩张能力（命中 出海）；原始记录只有标题，不能核实正文细节,"[""出海""]",[],"[""访问原文补全正文后，再核实关联性与实际影响""]",rules
155,半年近1.8亿人次引爆海外出行赛道：高德打响中文标准化，滴滴携程差异化卡位，平台服务出海争夺战升级,每经网,2026-07-16T09:28:01.079389,https://www.nbd.com.cn/articles/2026-07-10/4467729.html,title_only,review,55,42,42,low,news,operational,"[{""id"": ""growth_channels"", ""label"": ""获客与增长渠道"", ""relation_level"": ""operational"", ""opc_impact"": ""影响一人公司的低成本获客、销售渠道与市场扩张能力"", ""score"": 10.0, ""matched_terms"": [""出海""]}]",10,unknown,estimated,low,{},标题信息：半年近1.8亿人次引爆海外出行赛道：高德打响中文标准化，滴滴携程差异化卡位，平台服务出海争夺战升级,OPC 关联路径：获客与增长渠道：影响一人公司的低成本获客、销售渠道与市场扩张能力（命中 出海）；原始记录只有标题，不能核实正文细节,"[""出海""]",[],"[""访问原文补全正文后，再核实关联性与实际影响""]",rules
406,Codex，1个月吃掉150GB流量，写满4T硬盘，疯了吗？发布于 06-30,虎嗅,2026-07-16T09:36:46.319652,https://www.huxiu.com/article/4871638.html,title_only,review,51,39,39,low,news,operational,"[{""id"": ""growth_channels"", ""label"": ""获客与增长渠道"", ""relation_level"": ""operational"", ""opc_impact"": ""影响一人公司的低成本获客、销售渠道与市场扩张能力"", ""score"": 8.0, ""matched_terms"": [""流量""]}]",12,unknown,estimated,low,{},标题信息：Codex，1个月吃掉150GB流量，写满4T硬盘，疯了吗？发布于 06-30,OPC 关联路径：获客与增长渠道：影响一人公司的低成本获客、销售渠道与市场扩张能力（命中 流量）；原始记录只有标题，不能核实正文细节,"[""流量""]",[],"[""访问原文补全正文后，再核实关联性与实际影响""]",rules
27,补缴社保/公积金,快法务,2026-07-15T17:26:13.591784,https://www.kuaifawu.com/product/item/info/id/124_3302_39.html,title_only,review,51,38,38,low,news,operational,"[{""id"": ""policy_compliance"", ""label"": ""注册、税务与合规"", ""relation_level"": ""operational"", ""opc_impact"": ""影响一人公司的注册门槛、税务成本、用工方式和合规风险"", ""score"": 8.0, ""matched_terms"": [""社保""]}]",8,unknown,estimated,low,{},标题信息：补缴社保/公积金,OPC 关联路径：注册、税务与合规：影响一人公司的注册门槛、税务成本、用工方式和合规风险（命中 社保）；原始记录只有标题，不能核实正文细节,"[""社保""]",[],"[""访问原文补全正文后，再核实关联性与实际影响""]",rules
26,代缴社保/公积金,快法务,2026-07-15T17:26:13.591784,https://www.kuaifawu.com/product/item/info/id/149_3302_39.html,title_only,review,51,38,38,low,news,operational,"[{""id"": ""policy_compliance"", ""label"": ""注册、税务与合规"", ""relation_level"": ""operational"", ""opc_impact"": ""影响一人公司的注册门槛、税务成本、用工方式和合规风险"", ""score"": 8.0, ""matched_terms"": [""社保""]}]",8,unknown,estimated,low,{},标题信息：代缴社保/公积金,OPC 关联路径：注册、税务与合规：影响一人公司的注册门槛、税务成本、用工方式和合规风险（命中 社保）；原始记录只有标题，不能核实正文细节,"[""社保""]",[],"[""访问原文补全正文后，再核实关联性与实际影响""]",rules
25,社保/公积金账户注销,快法务,2026-07-15T17:26:13.590751,https://www.kuaifawu.com/product/item/info/id/123_3302_39.html,title_only,review,51,38,38,low,news,operational,"[{""id"": ""policy_compliance"", ""label"": ""注册、税务与合规"", ""relation_level"": ""operational"", ""opc_impact"": ""影响一人公司的注册门槛、税务成本、用工方式和合规风险"", ""score"": 8.0, ""matched_terms"": [""社保""]}]",8,unknown,estimated,low,{},标题信息：社保/公积金账户注销,OPC 关联路径：注册、税务与合规：影响一人公司的注册门槛、税务成本、用工方式和合规风险（命中 社保）；原始记录只有标题，不能核实正文细节,"[""社保""]",[],"[""访问原文补全正文后，再核实关联性与实际影响""]",rules
24,社保/公积金开户,快法务,2026-07-15T17:26:13.588776,https://www.kuaifawu.com/product/item/info/id/10.html,title_only,review,51,38,38,low,news,operational,"[{""id"": ""policy_compliance"", ""label"": ""注册、税务与合规"", ""relation_level"": ""operational"", ""opc_impact"": ""影响一人公司的注册门槛、税务成本、用工方式和合规风险"", ""score"": 8.0, ""matched_terms"": [""社保""]}]",8,unknown,estimated,low,{},标题信息：社保/公积金开户,OPC 关联路径：注册、税务与合规：影响一人公司的注册门槛、税务成本、用工方式和合规风险（命中 社保）；原始记录只有标题，不能核实正文细节,"[""社保""]",[],"[""访问原文补全正文后，再核实关联性与实际影响""]",rules
381,两市融资余额减少116.66亿元,36氪,2026-07-16T09:34:31.805387,https://36kr.com/newsflashes/3897604334307207,title_only,review,47,36,36,low,news,contextual,"[{""id"": ""finance_capital"", ""label"": ""融资与经营资金"", ""relation_level"": ""contextual"", ""opc_impact"": ""影响个人创业者获得启动资金、信贷和现金流支持的条件"", ""score"": 6.0, ""matched_terms"": [""融资""]}]",12,unknown,estimated,low,{},标题信息：两市融资余额减少116.66亿元,OPC 关联路径：融资与经营资金：影响个人创业者获得启动资金、信贷和现金流支持的条件（命中 融资）；原始记录只有标题，不能核实正文细节,"[""融资""]",[],"[""访问原文补全正文后，再核实关联性与实际影响""]",rules
129,从收藏品到金融资产：PCGS帮助钱币完成资产化跃迁,每经网,2026-07-16T09:27:57.676749,https://www.nbd.com.cn/articles/2026-04-07/4327420.html,title_only,review,47,36,36,low,news,contextual,"[{""id"": ""finance_capital"", ""label"": ""融资与经营资金"", ""relation_level"": ""contextual"", ""opc_impact"": ""影响个人创业者获得启动资金、信贷和现金流支持的条件"", ""score"": 6.0, ""matched_terms"": [""融资""]}]",12,unknown,estimated,low,{},标题信息：从收藏品到金融资产：PCGS帮助钱币完成资产化跃迁,OPC 关联路径：融资与经营资金：影响个人创业者获得启动资金、信贷和现金流支持的条件（命中 融资）；原始记录只有标题，不能核实正文细节,"[""融资""]",[],"[""访问原文补全正文后，再核实关联性与实际影响""]",rules
566,拆解上半年金融数据：企业债券融资 股票融资等对社融拉动明显07-15 17:220评,凤凰财经,2026-07-16T09:37:00.665048,https://finance.ifeng.com/c/8umcfv9DfYQ,title_only,review,47,36,36,low,news,contextual,"[{""id"": ""finance_capital"", ""label"": ""融资与经营资金"", ""relation_level"": ""contextual"", ""opc_impact"": ""影响个人创业者获得启动资金、信贷和现金流支持的条件"", ""score"": 6.0, ""matched_terms"": [""融资""]}]",11,unknown,estimated,low,{},标题信息：拆解上半年金融数据：企业债券融资 股票融资等对社融拉动明显07-15 17:220评,OPC 关联路径：融资与经营资金：影响个人创业者获得启动资金、信贷和现金流支持的条件（命中 融资）；原始记录只有标题，不能核实正文细节,"[""融资""]",[],"[""访问原文补全正文后，再核实关联性与实际影响""]",rules
530,「合肥普斯凯」完成Pre-A轮首批融资，干法钙钛矿加速产业化落地,投资界,2026-07-16T09:36:58.691541,https://news.pedaily.cn/202607/566357.shtml,title_only,review,47,36,36,low,news,contextual,"[{""id"": ""finance_capital"", ""label"": ""融资与经营资金"", ""relation_level"": ""contextual"", ""opc_impact"": ""影响个人创业者获得启动资金、信贷和现金流支持的条件"", ""score"": 6.0, ""matched_terms"": [""融资""]}]",11,unknown,estimated,low,{},标题信息：「合肥普斯凯」完成Pre-A轮首批融资，干法钙钛矿加速产业化落地,OPC 关联路径：融资与经营资金：影响个人创业者获得启动资金、信贷和现金流支持的条件（命中 融资）；原始记录只有标题，不能核实正文细节,"[""融资""]",[],"[""访问原文补全正文后，再核实关联性与实际影响""]",rules
526,深耕碳化硅功率半导体赛道，芯粤能&芯聚能完成超7亿元股权融资,投资界,2026-07-16T09:36:58.678335,https://news.pedaily.cn/202607/566363.shtml,title_only,review,47,36,36,low,news,contextual,"[{""id"": ""finance_capital"", ""label"": ""融资与经营资金"", ""relation_level"": ""contextual"", ""opc_impact"": ""影响个人创业者获得启动资金、信贷和现金流支持的条件"", ""score"": 6.0, ""matched_terms"": [""融资""]}]",11,unknown,estimated,low,{},标题信息：深耕碳化硅功率半导体赛道，芯粤能&芯聚能完成超7亿元股权融资,OPC 关联路径：融资与经营资金：影响个人创业者获得启动资金、信贷和现金流支持的条件（命中 融资）；原始记录只有标题，不能核实正文细节,"[""融资""]",[],"[""访问原文补全正文后，再核实关联性与实际影响""]",rules
306,诉讼、外贸政策双重承压 北京通美IPO：过会四年后终止注册 拟转战港股上市,中国证券报,2026-07-16T09:34:19.596842,https://www.cs.com.cn/ssgs/01/2026/07/10/detail_2026071010023481.html,title_only,review,47,36,41,low,policy,operational,"[{""id"": ""policy_compliance"", ""label"": ""注册、税务与合规"", ""relation_level"": ""operational"", ""opc_impact"": ""影响一人公司的注册门槛、税务成本、用工方式和合规风险"", ""score"": 6.0, ""matched_terms"": [""政策""]}]",11,unknown,estimated,low,{},标题信息：诉讼、外贸政策双重承压 北京通美IPO：过会四年后终止注册 拟转战港股上市,OPC 关联路径：注册、税务与合规：影响一人公司的注册门槛、税务成本、用工方式和合规风险（命中 政策）；原始记录只有标题，不能核实正文细节,"[""政策""]",[],"[""访问原文补全正文后，再核实关联性与实际影响""]",rules
271,促消费稳预期，专家建议尽快出台城乡居民增收政策,21世纪经济报道,2026-07-16T09:34:17.179096,https://m.21jingji.com/article/20260715/herald/b637230f67b0ba78a4097b5b501de741.html,title_only,review,47,36,41,low,policy,operational,"[{""id"": ""policy_compliance"", ""label"": ""注册、税务与合规"", ""relation_level"": ""operational"", ""opc_impact"": ""影响一人公司的注册门槛、税务成本、用工方式和合规风险"", ""score"": 6.0, ""matched_terms"": [""政策""]}]",11,unknown,estimated,low,{},标题信息：促消费稳预期，专家建议尽快出台城乡居民增收政策,OPC 关联路径：注册、税务与合规：影响一人公司的注册门槛、税务成本、用工方式和合规风险（命中 政策）；原始记录只有标题，不能核实正文细节,"[""政策""]",[],"[""访问原文补全正文后，再核实关联性与实际影响""]",rules
654,爱诗科技完成 29.8 亿元C 轮融资,i黑马,2026-07-16T09:37:05.772719,https://www.iheima.com/article-399603.html,title_only,review,47,36,36,low,news,contextual,"[{""id"": ""finance_capital"", ""label"": ""融资与经营资金"", ""relation_level"": ""contextual"", ""opc_impact"": ""影响个人创业者获得启动资金、信贷和现金流支持的条件"", ""score"": 6.0, ""matched_terms"": [""融资""]}]",10,unknown,estimated,low,{},标题信息：爱诗科技完成 29.8 亿元C 轮融资,OPC 关联路径：融资与经营资金：影响个人创业者获得启动资金、信贷和现金流支持的条件（命中 融资）；原始记录只有标题，不能核实正文细节,"[""融资""]",[],"[""访问原文补全正文后，再核实关联性与实际影响""]",rules
194,芝麻信用下通牒 3月起封杀非持牌信贷机构,网易财经,2026-07-16T09:28:21.869181,http://money.163.com/18/0209/07/DA6GTGCT0025816E.html,title_only,review,47,34,34,low,news,contextual,"[{""id"": ""finance_capital"", ""label"": ""融资与经营资金"", ""relation_level"": ""contextual"", ""opc_impact"": ""影响个人创业者获得启动资金、信贷和现金流支持的条件"", ""score"": 6.0, ""matched_terms"": [""信贷""]}]",5,unknown,estimated,low,{},标题信息：芝麻信用下通牒 3月起封杀非持牌信贷机构,OPC 关联路径：融资与经营资金：影响个人创业者获得启动资金、信贷和现金流支持的条件（命中 信贷）；原始记录只有标题，不能核实正文细节,"[""信贷""]",[],"[""访问原文补全正文后，再核实关联性与实际影响""]",rules
